,title,article_type,date,author,author_ip,push_amount,boo_amount,arrow_amount,article_url,article,response,index_url,id
0,[公告] Soft_Job 板試閱,公告,2007-06-14 14:18:43,Junchoon,,3,0,2,https://www.ptt.cc/bbs/Soft_Job/M.1181801925.A.86E.html,"
   Soft_Job 板申請開板連署達到門檻
   即日起開板試閱三個月
   由 choufeng 擔任板主
   歡迎各位使用者多多給予支持
                                Junchoon
--
申請新板
申請原因:
資訊服務與軟體開發相關產業一直是國內力求發展的重點，但礙於
於種種因素(教育、經濟、政治...等)，個人、公司甚至到國際間
都缺乏相當的競爭力和資源。本板開設希望無論你是在職場上或是
學生，都能夠提出你的經驗和見解，一起深入的討論。幫助後面的
學弟妹、還沒進入職場的新鮮人，以提升我們的競爭力！
----------支持----------
  1.choufeng       雖然有科技版了,但本版以軟體為主!   來源:125.230.167.127
  2.nooin          希望能有MIS能討論系統規劃的地方..  來源:222.156.65.114
  3.JrGbb          需要一個軟體版~(￣▽￣)~(＿△＿)~  來源:140.113.93.70
  4.trappings      科技工作版太雜了 可把軟體工作獨立  來源:220.130.149.223
  5.gorden00       It's useful.                       來源:140.115.204.158
  6.PRAM           希望能有個專門討論軟體產業的地方   來源:220.132.163.180
  7.erichugh       我是資工人 當然希望有個專版        來源:220.134.130.211
  8.sandra002002   非常贊同此板宗旨！                 來源:140.112.115.2
  9.LunaFox        軟體資訊業有其被重視的必要性       來源:59.124.169.160
 10.chenlh         支持也需要這個看板所討論的資訊     來源:140.116.72.165
 11.fish39         將進入資訊業                       來源:140.120.108.99
 12.diceboy        有這個版的出現 資訊業者可互相討論  來源:220.132.250.197
 13.joyceT         資訊人一起來!                      來源:140.116.246.224
 14.SMARTSMART     很專業的版.....支持一下            來源:140.116.117.35
 15.VOT1077        資訊業人士幫忙贊成一下!!           來源:220.130.153.7
 16.imdbob2002     對於原因深表贊同!                  來源:59.115.177.30
 17.tonyhsie       以後也是軟體工作者 ^^              來源:140.112.28.90
 18.lcyeh          這是軟體人的福音，有其必要性       來源:220.136.178.246
 19.synd           軟體人民站起來～～                 來源:124.10.49.90
 20.dspswen        我從企劃跳資訊　就是因為這工作好找 來源:61.63.23.185
 21.mandj          本身也是軟體工作者:)               來源:202.86.129.136
 22.fyodor         資工人支持                         來源:140.118.202.121
 23.greengoblin    能有一個專門討論軟體的地方不錯     來源:218.165.120.240
 24.wt             需要有個討論軟體產業的地方         來源:218.167.16.57
 25.fungku01       支持連署理由                       來源:61.217.213.165
 26.Bluesdan       申請理由出發點很棒                 來源:140.130.101.3
 27.TAMSHUI        即將進入軟體業 一定要支持一下的:)  來源:61.228.62.105
 28.boyu888        SW工程師,所以支持                  來源:220.130.6.250
 29.Jason09        自己也是立志走軟體業的一員         來源:218.172.104.100
 30.horngsh        軟體是台灣翻身的契機, 個人始終相信 來源:59.126.181.10
 31.hellolucky     我需要這個版 因為是我未來的工作    來源:211.74.99.137
 32.Boming         資工人的支持~!  我需要這個版 :p    來源:122.124.7.228
 33.barbq          身為本科系,樂見有個專門的園地      來源:210.64.83.91
 34.realmojo       身為資訊人 怎能不幫忙              來源:218.170.25.19
 35.meowhui        支持軟體與硬體為主流的tech_job分開 來源:61.57.131.72
 36.Giaji          贊成 希望能有相關經驗的人分享專業  來源:61.217.29.167
 37.Harifucks      早就需要存軟體工作版               來源:219.81.151.68
 38.amazed312      支持! 台灣軟體業站起來!            來源:203.70.98.165
 39.joyusha        要出社會了, 希望跟前輩多分享經驗.  來源:163.18.53.151
 40.mike0226       同為資訊人 推                      來源:59.121.18.179
 41.vgod           想要有這個板很久啦~                來源:140.112.30.26
 42.justben        退伍以後可能要靠這個版找飯吃了     來源:59.117.179.184
 43.jackiey        同為資迅人 當然要支持啦!!!         來源:61.230.6.88
 44.majolicass     資管人推                           來源:203.70.78.85
 45.ppc            支持!                              來源:61.230.228.211
 46.whoelse        希望能有地方討論軟體相關工作～     來源:211.74.231.106
 47.ngulin0911     支持~~台灣軟體業加油               來源:68.83.107.156
 48.rainarale      gogogo                             來源:211.74.216.10
 49.disFabulous    加油 :)                            來源:218.165.100.220
 50.deepdish       韓國軟體業產值都超過汽車工業了     來源:140.115.219.17
 51.OGK            期待有專屬軟體資訊的討論板         來源:61.59.230.86
 52.dreamfire      我支持！                           來源:218.167.196.183
 53.daeam          蠻有存在的必要~ 支持囉~            來源:220.136.196.169
 54.cawayigainax   NEED                               來源:140.128.194.86
 55.dragonsky      感覺不錯                           來源:75.83.244.151
 56.Earrl          將要就業的我希望在本版得到相關資訊 來源:140.138.150.184
 57.Mysteltainn    希望有個專門討論軟體業的地方       來源:210.71.22.11
 58.galois         純支持                             來源:61.229.181.237
 59.aaronliu0719   身為軟體從業人員 一定要支持的啊！  來源:140.96.116.42
 60.NTUSTKnight    這個需要幫推一下                   來源:202.132.132.7
 61.PinPinky       軟體資訊業迫切需要，資工系學生可用 來源:220.134.159.178
 62.sanbis         資訊的入門檻變低了，工作比以前難找 來源:59.104.59.245
 63.THZ            剛開始找這類工作期望能有多點資訊:) 來源:60.198.129.148
 64.ilwu           雖然台灣以電子業為龍頭～但是軟體業 來源:122.124.98.178
 65.BENBENnet      就是推                             來源:221.169.15.145
 66.busgoer        路過幫推                           來源:61.226.90.99
 67.mocat          以後走這行 當然要支持!             來源:140.112.243.157
----------反對----------
  1.lightmyfire    有科技板                           來源:125.229.160.66
----------總計----------
支持人數:67       反對人數:1
--
                你我相逢在黑夜的海上                ▕
    你有你的，我有我的，方向            ▕ 
    你記得也好，最好你忘掉              ▕ 
    在這交會時互放的光亮！              ▕ 
▔▔▔▔▔▔▔▔▔▔▔▔▔▔▔▔▔▔▔▔  
── 節錄  徐志摩．偶然
--
推 samurai7:TEST 06/18 13:03
推 xsoho:TTTTEST 06/27 11:47
推 free112136:不在考慮一下嗎？ 08/01 20:34","
推 samurai7:TEST 
推 xsoho:TTTTEST 
推 free112136:不在考慮一下嗎？ 
→ dnabossking: 如果是code我應該不會喊難，就算真的不會寫，因為 
→ dnabossking: 喊難，也太沒面子了 ",https://www.ptt.cc/bbs/Soft_Job/index1.html,1
1,搶頭香,,2007-06-14 14:40:56,eggimage,207.74.195.202,2,0,0,https://www.ptt.cc/bbs/Soft_Job/M.1181803258.A.666.html,"
呵呵
--
推 choufeng:哇！動作真快！ 06/14 14:52","
推 choufeng:哇！動作真快！ 
推 bluelink: 想去，有投了但是沒有回應 ",https://www.ptt.cc/bbs/Soft_Job/index1.html,2
2,[閒聊] 搶前五樓,閒聊,2007-06-14 14:52:23,synd,124.10.49.90,1,0,0,https://www.ptt.cc/bbs/Soft_Job/M.1181803945.A.314.html,"
狂賀開板～
軟體人要站起來啦～
--
--
推 choufeng:沒錯!!台灣軟體人要站起來 06/14 14:52","
推 choufeng:沒錯!!台灣軟體人要站起來 ",https://www.ptt.cc/bbs/Soft_Job/index1.html,3
3,恭喜開板 ^^,,2007-06-14 14:53:44,everforwind,140.112.91.4,0,0,0,https://www.ptt.cc/bbs/Soft_Job/M.1181804025.A.7A7.html,"
呵呵真高興有這個版，我也是唸資工的，最近剛要畢業，未來
應該也是從事和軟體有關的工作吧，希望大家能夠多分享相關
的資訊囉，賀開板成功 :D
--",,https://www.ptt.cc/bbs/Soft_Job/index1.html,4
4,喔耶,,2007-06-14 14:55:34,timohu,219.87.152.130,0,0,0,https://www.ptt.cc/bbs/Soft_Job/M.1181804135.A.20F.html,"
上班就是要掛PTT
這樣隨時有問題才找的到答案
XDDD
--",,https://www.ptt.cc/bbs/Soft_Job/index1.html,5
5,[恭喜] 終於開板啦,恭喜,2007-06-14 14:59:15,nooin,211.75.230.126,2,0,0,https://www.ptt.cc/bbs/Soft_Job/M.1181804356.A.1FA.html,"
每天都在看lifenewboard板說
怎麼這麼久還沒開板、還以為連署不夠勒
希望以後這邊能有一些軟體方面的交流 q_q
現在科技跟軟體資訊大爆炸，設定什麼的真的一個人稿不定..
阿、扯遠了...
總而言之、恭喜啦！
--
推 choufeng:呵呵!不好意思~終於還是開板了 ^^ 06/14 15:07","
推 choufeng:呵呵!不好意思~終於還是開板了 ^^ 
推 QoiiwWe: 這篇不錯啊剛好拿來檢視 ",https://www.ptt.cc/bbs/Soft_Job/index1.html,6
6,恭賀開板,,2007-06-14 15:03:23,sandra002002,140.112.115.2,5,0,0,https://www.ptt.cc/bbs/Soft_Job/M.1181804604.A.3F8.html,"
終於開板了……
很期待可以在這裡多多瞭解資訊軟體這個產業啊～
雖然我是學金融的，但對資訊軟體產業還蠻有興趣的～
男友也是資訊人，以後再跟大家多多交流嘍～
--
推 everforwind:可魯... 06/14 15:04
推 muller26:還好有自備墨鏡 ●.● 06/14 15:16
推 lcyeh:還好我瞎很久了，閃不到我XDD 06/14 15:17
推 nooin:這個板怎麼回事...還不到十篇就備閃瞎了.. 06/14 15:23
推 dspswen:●_●這不是資訊人該有的............... 06/14 16:26","
推 everforwind:可魯... 
推 muller26:還好有自備墨鏡 ●.● 
推 lcyeh:還好我瞎很久了，閃不到我XDD 
推 nooin:這個板怎麼回事...還不到十篇就備閃瞎了.. 
推 dspswen:●_●這不是資訊人該有的............... ",https://www.ptt.cc/bbs/Soft_Job/index1.html,7
7,[閒聊] 恭賀開板,閒聊,2007-06-14 15:11:53,muller26,210.208.83.253,1,0,0,https://www.ptt.cc/bbs/Soft_Job/M.1181805118.A.819.html,"
終於開板成功了，可喜可賀～
身為一個目前就是在這行混飯吃的SA，實在很高興終於有一個
可以和同行們交流的地方，大家要不要自介一下呀？ :p
--
「如果不知道該選那邊時，那就選該做的事。兩邊都是後悔，
  那就選後悔較小的那邊吧！」
---十二國記 半獸 樂俊
--
推 aaronliu0719:推樂俊....... 06/14 17:35","
推 aaronliu0719:推樂俊....... ",https://www.ptt.cc/bbs/Soft_Job/index1.html,8
8,[閒聊] 賀開板,閒聊,2007-06-14 15:16:37,lcyeh,220.136.181.163,1,0,0,https://www.ptt.cc/bbs/Soft_Job/M.1181805399.A.035.html,"
這還是我在PTT第一次參與新版連署
恭賀開板！
以前（很久已前）我也是個程式設計師
用的語言是COBOL和IBM S370組合語言
不過這兩種語言都很古老了
現在流行的似乎是Java，不論是就業還是考試，
都是居家旅行必備良藥 XDD
--","
推 marsyang1: 大推 ",https://www.ptt.cc/bbs/Soft_Job/index1.html,9
9,[閒聊] 恭賀開板,閒聊,2007-06-14 15:23:36,AdHocLZM,60.248.0.211,0,0,0,https://www.ptt.cc/bbs/Soft_Job/M.1181805817.A.CBF.html,"
終於有一個資訊業的版了
真是太好了
--",,https://www.ptt.cc/bbs/Soft_Job/index1.html,10
10,[討論] 促進交流增加人氣的自我介紹 [討論串],討論,2007-06-14 15:29:40,choufeng,125.230.162.104,5,0,0,https://www.ptt.cc/bbs/Soft_Job/M.1181806181.A.194.html,"
由於本版開幕 為了要促進交流 增加人氣
因此發起這項活動 希望大家踴躍參加　給
自己做自我介紹喲！　^__^
先由版主開始 >.< --------------------
嗚‵‵‵小弟我其實還是個米蟲，今年剛考上研究所（在等開學）
我一路是唸資管科的，五專還有二技都是唸資管。雖然小弟還沒就
業，可以卻有一些相關的經驗，因為以前在五專時期很愛打工，但
不是去小7的那種唷!! 沒錯，和大家一樣是去打工coding還有接接
案子來做做，因此小弟也有一些在職場工作的經驗，一度還太投入
還被21過喔！（嗚...>.<..各位別學我不務正業呀）
五專和二技時期很喜歡把專題拿去參加比賽，共比過四次賽！
(次次都有拿獎喔～～～ＣＣ）
現在剛考上研所，暑假都在準備一些入學該要會的東西，碩班我是
唸工管所，不過呢搞的也是很資訊相關的東西。
對末來的資訊業和軟體業的期許很高，總是是希望將來就業能夠做點
什麼大事(＠＠純粹是夢想），所以想要更瞭解這個產業.獲得更多前輩
的經驗，這也是開此板的目的。
在職場人脈也是重要的，希望透過自我介紹還有本版，能夠促進大家之間
的交流，互相幫忙喔！！
--
推 ljr:加油:D 06/14 15:31
推 nooin:先弄個進板畫面吧 XD .. 不知道為甚麼現在很熱血 06/14 15:59
推 Fittest:推呀~  > </ 06/15 03:47
推 toga:推 (也是今年剛考上ntut) 06/15 10:50
推 joyfulpizza:版主加油!!  期望本版越來越棒!! 06/15 16:06","
推 ljr:加油:D 
推 nooin:先弄個進板畫面吧 XD .. 不知道為甚麼現在很熱血 
推 Fittest:推呀~  > </ 
推 toga:推 (也是今年剛考上ntut) 
推 joyfulpizza:版主加油!!  期望本版越來越棒!! ",https://www.ptt.cc/bbs/Soft_Job/index1.html,11
11,Re: [請益] 非正統資工出身進大公司資訊相關RD的難度?,請益,2007-06-14 15:36:25,choufeng,125.230.162.104,2,0,0,https://www.ptt.cc/bbs/Soft_Job/M.1181806586.A.387.html,"
嗯，我認為這種事情是沒有絕對的喔！
再況且你考取的是前段的國立大學，學歷來說是很夠的了。
至於你末來想做什麼你是沒有提到，但我覺得重要的是在研所
的這段時間你學了些什麼？你會了些什麼？你做了哪些研究領域？
很有可能會影?你未來的路。
因為你說你非本科系的，所以這二年你所學的是很有可能影?你
未來就業的方向。
一切看你自己的造化　你也可以不必選擇走ＭＩＳ或網管。
資訊和軟體業我認為一直是很活的東西，很多事都是可能的。
我也看過很多非本科系（土木有的沒的）的轉來資工或資管，
程式功力一樣嚇嚇叫。
--
推 ljr:我是聽說園區有很多非本科的RD 不清楚大公司真實的情況 06/14 15:45
推 clplayer:我們部門多是數學系的, 甚至還有大氣系畢業的 XD 06/14 21:15","
推 ljr:我是聽說園區有很多非本科的RD 不清楚大公司真實的情況 
推 clplayer:我們部門多是數學系的, 甚至還有大氣系畢業的 XD ",https://www.ptt.cc/bbs/Soft_Job/index1.html,12
12,[閒聊] 恭喜開板,閒聊,2007-06-14 15:41:53,joe7563,140.112.90.117,1,0,2,https://www.ptt.cc/bbs/Soft_Job/M.1181806914.A.44A.html,"
恭喜開板啊
本身是資訊所的學生
希望這個板以後能夠有相當充實的文章
也感謝板主管理這個版
--
推 ushung:呵呵 06/14 20:03","
推 ushung:呵呵 
→ monoceros629: 我們公司rd工程師薪水有50000以上，不過通常要身兼 
→ monoceros629: 數種專長 ",https://www.ptt.cc/bbs/Soft_Job/index1.html,13
13,Re: [討論] 促進交流增加人氣的自我介紹 [討論串],討論,2007-06-14 15:52:19,khwu,59.112.222.102,4,0,1,https://www.ptt.cc/bbs/Soft_Job/M.1181807540.A.0A5.html,"
我也是今年準備開始為期兩年的研究所課程（因為公司只肯給兩年時間），
工作這幾年下來覺得有個碩士的學歷還是比較好，可能是我專業能力並非超
強吧，哈哈。
畢竟被學校教授荼毒個兩年，也許研究功力會大增！？
小弟還算是軟體業的新手，請各位前輩先進多多指教。
--
推 everforwind:我覺得我被荼毒兩年好像沒啥長進 Orz... 06/14 15:55
推 lcyeh:我覺得現在這個年代，碩士算是基本學歷了 06/14 15:55
推 khwu:想當年自己傻不想唸，剛好有個機會就衝了 06/14 16:00
推 lcyeh:我現在也很後悔當年（很久很久了）沒繼續往上唸 06/14 16:03
→ lcyeh:加油！有機會就力爭上游吧！ 06/14 16:03","
推 everforwind:我覺得我被荼毒兩年好像沒啥長進 Orz... 
推 lcyeh:我覺得現在這個年代，碩士算是基本學歷了 
推 khwu:想當年自己傻不想唸，剛好有個機會就衝了 
推 lcyeh:我現在也很後悔當年（很久很久了）沒繼續往上唸 
→ lcyeh:加油！有機會就力爭上游吧！ ",https://www.ptt.cc/bbs/Soft_Job/index1.html,14
14,Re: [討論] 促進交流增加人氣的自我介紹 [討論串],討論,2007-06-14 15:57:35,nooin,211.75.230.126,9,0,12,https://www.ptt.cc/bbs/Soft_Job/M.1181807856.A.CC2.html,"
誠如一個軟體人心中的澎湃的情緒，我何嘗也不想當個音樂家？
回歸正題
年齡：26
學歷：私立後段無名大學資訊管理系畢業
現職：某傳統產業資訊部專案工程師(資訊部目前職員一人) XD
熟悉的領域：
工作大概一年多吧，其實大學的時候很混，上課資料庫的時候都在睡覺
，不然就是打CS打RO然後四年就過了<囧>，不過算幸運的是退伍以後有
找到現在的工作，披著資訊人的皮重新在公司內從一個又一個專案再學
習。目前工作的內容是主導各種資訊專案導入及規劃，目前導入的系統
包含：ERP、B2B、BI..等，目前進行中的專案有PKM、e-learning...等
。大致上就是這樣，我是個一開始聯select ooo from xxx 都稿不懂的
白痴..Orz，希望後學上課不要打混，出來真的很辛苦。 大概就是這樣
吧，其他就留著有機會大家一起討論吧，目前比較想討論的話題大概就
是公司內部網路控管、安全性、權限帳號控管之類的管理問題吧。總之
就是還需要多學習 .. 然後 ...... 科科科科科科科科 (阿宅的共鳴)
--
順便問一下、有沒有什麼上班打發時間的小遊戲阿？XD
--
推 ljr:有小遊戲版 06/14 15:59
→ nooin:我知道阿 可是有些不合適上班偷打..XD 目前有偷玩CGI game 06/14 16:01
→ lcyeh:很好奇耶，想請教，資訊部門只有一人 06/14 16:04
→ lcyeh:那你的學習方式是公司花錢送你去上課？還是自己看書？ 06/14 16:04
推 nooin:方法很多ꌮ.... 1. 自修  2.跟公司要求上課  3.上網問 06/14 16:15
→ nooin:因為人真的太少了..連要上什個課都要自己判斷..XD 06/14 16:16
→ nooin:不過通常導入專案後會需要什麼既能自己會很清楚..因為技窮.. 06/14 16:16
→ nooin:當然申請課程要有經費許可跟提出需求還有對公司的效益...等 06/14 16:17
推 timohu:等等我也用這篇還打個自介好了XD 06/14 16:18
推 lcyeh:nooin，那你公司不錯，我以前（很久以前）在某家出版社擔任 06/14 16:23
→ lcyeh:資訊人員，身為全公司唯一資訊人員，公司還叫我自己花錢去補 06/14 16:23
→ lcyeh:Clipper（當年流行這個），而大部分的工作時間耗費在換報表 06/14 16:24
→ lcyeh:紙、買耗材（自己走路去買）、幫全公司印海報（那年頭， 06/14 16:25
→ lcyeh:很多人連開機都不會），後來我就跳槽了 06/14 16:26
推 nooin:樓上、你說的我都做過..我想小公司的資訊人員都是這樣吧ORz 06/14 16:29
→ nooin:沒辦法、小時候不讀書、現在巴結著做..XD 06/14 16:29
推 lcyeh:呵呵，所以後來我都只應徵大公司啦，資訊人員人數都好幾百 06/14 16:31
→ lcyeh:一些瑣碎事情自有專人打理，我專心當AP維護系統就好囉 06/14 16:31
推 nooin:希望我在這邊龜幾年也有機會轉跑道..現在只能多學了.. 06/14 16:34
推 lcyeh:加油，學到就是你的了^^ 06/14 16:35
推 jhystart:zoo keeper 2 還蠻好玩的... 06/15 03:02","
推 ljr:有小遊戲版 
→ nooin:我知道阿 可是有些不合適上班偷打..XD 目前有偷玩CGI game 
→ lcyeh:很好奇耶，想請教，資訊部門只有一人 
→ lcyeh:那你的學習方式是公司花錢送你去上課？還是自己看書？ 
推 nooin:方法很多ꌮ.... 1. 自修  2.跟公司要求上課  3.上網問 
→ nooin:因為人真的太少了..連要上什個課都要自己判斷..XD 
→ nooin:不過通常導入專案後會需要什麼既能自己會很清楚..因為技窮.. 
→ nooin:當然申請課程要有經費許可跟提出需求還有對公司的效益...等 
推 timohu:等等我也用這篇還打個自介好了XD 
推 lcyeh:nooin，那你公司不錯，我以前（很久以前）在某家出版社擔任 
→ lcyeh:資訊人員，身為全公司唯一資訊人員，公司還叫我自己花錢去補 
→ lcyeh:Clipper（當年流行這個），而大部分的工作時間耗費在換報表 
→ lcyeh:紙、買耗材（自己走路去買）、幫全公司印海報（那年頭， 
→ lcyeh:很多人連開機都不會），後來我就跳槽了 
推 nooin:樓上、你說的我都做過..我想小公司的資訊人員都是這樣吧ORz 
→ nooin:沒辦法、小時候不讀書、現在巴結著做..XD 
推 lcyeh:呵呵，所以後來我都只應徵大公司啦，資訊人員人數都好幾百 
→ lcyeh:一些瑣碎事情自有專人打理，我專心當AP維護系統就好囉 
推 nooin:希望我在這邊龜幾年也有機會轉跑道..現在只能多學了.. 
推 lcyeh:加油，學到就是你的了^^ 
推 jhystart:zoo keeper 2 還蠻好玩的... ",https://www.ptt.cc/bbs/Soft_Job/index1.html,15
15,Re: [討論] 促進交流增加人氣的自我介紹 [討論串],討論,2007-06-14 16:26:31,rainarale,203.67.108.3,2,0,0,https://www.ptt.cc/bbs/Soft_Job/M.1181809592.A.951.html,"
前輩們大家好
我是世新資管應屆畢業生 綽號=丁小雨 (因為像= =a)
畢專從去年3月~11月完成，是做合購網站
當初有調查，台灣還沒有類似的網站
最近發現有個滿紅的網站ihergo跟我的畢專很像
很後悔當初沒有參加比賽、架站繼續積極推出 很嘔
不過也燃起我的鬥志，創意不受限於學歷!!!
現在正努力投履歷
應徵項目是程式設計師
希望能盡一己之力，成為台灣這塊軟體沙漠的小雨 XD →被履歷搞瘋了
--
推 supereting:我是你畢業三年的學姐，目前在網通業當軟體工程師～ 06/20 18:39","
推 supereting:我是你畢業三年的學姐，目前在網通業當軟體工程師～ 
推 s106667: 哇世新人耶，hi～我是資傳的，現在在當前端工程師 ",https://www.ptt.cc/bbs/Soft_Job/index1.html,16
16,[閒聊] 恭喜開板,閒聊,2007-06-14 16:28:34,nokiafox,140.116.82.38,0,0,0,https://www.ptt.cc/bbs/Soft_Job/M.1181809715.A.0F6.html,"
  恭喜開板喔~~
  又有一個討論的新園地囉...
--",,https://www.ptt.cc/bbs/Soft_Job/index1.html,17
17,[閒聊] 恭喜開板,閒聊,2007-06-14 16:51:37,gorden00,140.115.204.158,0,0,0,https://www.ptt.cc/bbs/Soft_Job/M.1181811098.A.84D.html,"
                               板主加油!!!
--",,https://www.ptt.cc/bbs/Soft_Job/index1.html,18
18,[閒聊] 恭喜開版,閒聊,2007-06-14 16:57:08,actib23,140.113.91.163,0,0,0,https://www.ptt.cc/bbs/Soft_Job/M.1181811429.A.569.html,"
加油囉~~
希望這個版的文章能愈來愈豐富^^
--",,https://www.ptt.cc/bbs/Soft_Job/index1.html,19
19,[閒聊] 恭喜開版,閒聊,2007-06-14 17:02:22,shih3901,219.84.101.187,0,0,0,https://www.ptt.cc/bbs/Soft_Job/M.1181811743.A.9D2.html,"
恭賀軟體業版開版
我本身也軟體業,以後會多上來逛逛
版主加油
--",,https://www.ptt.cc/bbs/Soft_Job/index1.html,20
20,[閒聊] 恭喜開版,閒聊,2007-06-14 17:08:43,Jonathon,211.75.117.114,0,0,0,https://www.ptt.cc/bbs/Soft_Job/M.1181812124.A.C61.html,"
如題~~~
版主加油~~
--",,https://www.ptt.cc/bbs/Soft_Job/index2.html,21
21,[閒聊] 恭喜開板,閒聊,2007-06-14 17:18:36,glob,140.114.86.110,0,0,0,https://www.ptt.cc/bbs/Soft_Job/M.1181812717.A.AB3.html,"
呵呵
剛逛其他版看到這個訊息
就過來灌灌水了
恭喜開版囉
--",,https://www.ptt.cc/bbs/Soft_Job/index2.html,22
22,恭喜,,2007-06-14 17:25:46,PoChunHsu,122.126.5.131,0,0,0,https://www.ptt.cc/bbs/Soft_Job/M.1181813147.A.37C.html,"
恭喜你們能夠順利開板囉
順便祝你們可以板運昌隆啦
--",,https://www.ptt.cc/bbs/Soft_Job/index2.html,23
23,恭喜開板,,2007-06-14 17:29:38,ilay,210.71.22.30,0,0,0,https://www.ptt.cc/bbs/Soft_Job/M.1181813379.A.849.html,"
一定要恭喜一下的啦
小弟我目前大二
希望各位前輩往後能不吝賜教^^
(開香檳)
--",,https://www.ptt.cc/bbs/Soft_Job/index2.html,24
24,[閒聊] 恭喜開版,閒聊,2007-06-14 17:34:57,dreamfire,218.167.199.37,0,0,0,https://www.ptt.cc/bbs/Soft_Job/M.1181813699.A.DFA.html,"
As Title!!!
恭禧開版成功啦！
q(^O^)p
..╮(﹋﹏﹌)╭..
QQ
--",,https://www.ptt.cc/bbs/Soft_Job/index2.html,25
25,[閒聊] 恭喜開版啦!,閒聊,2007-06-14 17:36:07,teman,218.166.54.238,0,0,0,https://www.ptt.cc/bbs/Soft_Job/M.1181813770.A.C36.html,"
恭喜版主啦
讓台灣軟體業蓬勃發展啦
希望南港軟體園區的先進們
能多多提供有用的資訊
其他不管是軟體代工還是軟體服務 金融資訊服務的 作ERP CRM的
都可以發表心得勒XD
--
--",,https://www.ptt.cc/bbs/Soft_Job/index2.html,26
26,[閒聊] 恭喜開版,閒聊,2007-06-14 17:39:24,aaronliu0719,140.96.116.42,0,0,0,https://www.ptt.cc/bbs/Soft_Job/M.1181813965.A.578.html,"
可以看到許多資訊人聚在這版上
真是有種溫馨的感覺
希望版務蒸蒸日上啊！
--",,https://www.ptt.cc/bbs/Soft_Job/index2.html,27
27,[閒聊] RD真正在Coding的時間,閒聊,2007-06-14 17:48:26,aaronliu0719,140.96.116.42,2,0,0,https://www.ptt.cc/bbs/Soft_Job/M.1181814507.A.421.html,"
請教各位RD部門的先進
大家coding的比重很大嗎？
以我來說，真的coding的時間似乎只有不到一半
CMMI、SA、長期規劃之類的paper work佔的比重
似乎更勝於coding...
大家在coding方面的佔比會很高嗎？
--
推 xva:都在debug時間比較多吧 06/14 22:48
推 tr6271bf:推1F,但無中生有也是很花時間的(有可利用的code除外) 06/14 23:58","
推 xva:都在debug時間比較多吧 
推 tr6271bf:推1F,但無中生有也是很花時間的(有可利用的code除外) ",https://www.ptt.cc/bbs/Soft_Job/index2.html,28
28,[閒聊] 恭喜開版,閒聊,2007-06-14 17:51:51,revivalworld,60.244.252.15,0,0,0,https://www.ptt.cc/bbs/Soft_Job/M.1181814715.A.9E8.html,"
恭喜軟體工作版開版^^  祝福本版人氣爆掉(?)~
我以後也是要走這行的，先來賀個開版XD
--",,https://www.ptt.cc/bbs/Soft_Job/index2.html,29
29,Re: [閒聊] RD真正在Coding的時間,閒聊,2007-06-14 18:41:19,choufeng,125.230.162.104,1,0,0,https://www.ptt.cc/bbs/Soft_Job/M.1181817680.A.9F3.html,"
嗯!!
如果是在一個有制度公司裡面，是這樣子的吧!!
一個專案通常都是前面專案準備SA.SD等等部份用的時間
會比較多，才不會前面規劃沒做好，後來在coding時改
來改去浪費時間。
不過當然現在一定還是存在很多猛幹型的公司，可憐的
就是我們的資訊勞工了　>.<
就像我幾個朋友他們也是在業界coding，有的呢就是很辛苦
天天加班，而有幾個是比較安逸的，因為他們公司比較有制度
都規劃的好好的，他說他幾乎上班都在用上面開發好的模組，
不然就是CO來CO去　@@
--
推 tsya:業界吧... 06/14 19:02
筆誤　感謝指正","
推 tsya:業界吧... ",https://www.ptt.cc/bbs/Soft_Job/index2.html,30
30,[閒聊] 恭喜開板,閒聊,2007-06-14 19:02:40,wlsabcd,203.70.105.176,0,0,0,https://www.ptt.cc/bbs/Soft_Job/M.1181818961.A.89B.html,"
離開學校很久，一直混飯吃。
總之，恭喜開板。
--",,https://www.ptt.cc/bbs/Soft_Job/index2.html,31
31,恭喜開版!!!,,2007-06-14 19:03:44,birdpay,203.73.98.103,1,0,0,https://www.ptt.cc/bbs/Soft_Job/M.1181819025.A.CD0.html,"
      v(￣︶￣)y     恭喜恭喜     ~(￣▽￣*)~
   ○(*￣︶￣*)○   祝版運昌隆  ＊*ˋ( ￣▽￣)ˊ*＊
     ˋ( ￣▽￣)ˊ   人氣藍爆     ︿(￣︶￣)︿
      ╭(′▽`)╯    版友幸福      ( ￣ c￣)y▂ξ
      <('▔□▔)>    篇數破表     (￣□￣|||)a
       (╯-＿-)╯  路人再次恭賀   ╰(-＿-╰)
<(@￣︶￣@)>  ╮(﹋﹏﹌)╭  o(‵▽′)o  ε~(‵~′)~3
╮(▔▽▔')╭  (#￣▽￣#)  ~(￣▽￣*)~  (￣y▽￣)╭
--
推 ksmrt0123:推 06/17 20:30","
推 ksmrt0123:推 ",https://www.ptt.cc/bbs/Soft_Job/index2.html,32
32,[閒聊] 恭喜開版,閒聊,2007-06-14 19:03:45,threee,123.194.144.83,0,0,0,https://www.ptt.cc/bbs/Soft_Job/M.1181819027.A.442.html,"
路過的...
不過還是來幫忙恭喜一下XD
--",,https://www.ptt.cc/bbs/Soft_Job/index2.html,33
33,[薪福] 有人知道聚碩科技福利如何？,薪福,2007-06-14 19:04:45,joyies,210.241.85.27,0,0,1,https://www.ptt.cc/bbs/Soft_Job/M.1181819086.A.933.html,"
大家好，我是即將要去面試的新人
應徵的是人資
想請問福利跟文化如何
需要常加班嗎
謝謝
--
→ parus:工程師會常加班 人資不知道 06/14 21:46","
→ parus:工程師會常加班 人資不知道 ",https://www.ptt.cc/bbs/Soft_Job/index2.html,34
34,[閒聊] 恭喜開版,閒聊,2007-06-14 19:05:24,envia,123.240.138.196,0,0,0,https://www.ptt.cc/bbs/Soft_Job/M.1181819125.A.385.html,"
  恭禧開板
  希望討論的人越來越多增加人氣
--",,https://www.ptt.cc/bbs/Soft_Job/index2.html,35
35,[閒聊] 恭喜開板,閒聊,2007-06-14 19:12:17,hn12303158,220.132.136.199,0,0,0,https://www.ptt.cc/bbs/Soft_Job/M.1181819538.A.AC6.html,"
恭喜貴版申請成功~
也希望以後有個優質的討論園地摟~~
--",,https://www.ptt.cc/bbs/Soft_Job/index2.html,36
36,[閒聊] 恭喜開板,閒聊,2007-06-14 19:41:42,hsiehwei,140.118.229.63,0,0,0,https://www.ptt.cc/bbs/Soft_Job/M.1181821307.A.98E.html,"
恭喜開板
我是大三升大四資工系學生
未來大概也是從事軟體、程式設計的工作
會常來這裡逛逛的...
--",,https://www.ptt.cc/bbs/Soft_Job/index2.html,37
37,[閒聊] 恭賀開版,閒聊,2007-06-14 20:25:23,cutiechiay,218.172.221.12,0,0,0,https://www.ptt.cc/bbs/Soft_Job/M.1181823924.A.BF3.html,"
恭賀開版\(^0^)/
我是今年畢業的社會新鮮人
會常常過來逛逛的
--",,https://www.ptt.cc/bbs/Soft_Job/index2.html,38
38,[閒聊] 開版恭喜,閒聊,2007-06-14 20:27:24,eric1125,61.221.67.170,0,0,0,https://www.ptt.cc/bbs/Soft_Job/M.1181824048.A.244.html,"
恭喜恭喜阿
身為資訊軟體人
一定要來簽到一下
以後大家多多交流吧
我只是個小小菜鳥程式設計師...XD
--",,https://www.ptt.cc/bbs/Soft_Job/index2.html,39
39,[閒聊]恭喜開版,閒聊,2007-06-14 20:49:33,tolare,203.64.49.5,0,0,0,https://www.ptt.cc/bbs/Soft_Job/M.1181825374.A.6A1.html,"
好友是從事這方面的工作
所以來  恭喜一下囉
希望大家能在這裡  找到合適的解答囉
:)
--",,https://www.ptt.cc/bbs/Soft_Job/index2.html,40
40,[閒聊] 賀文,閒聊,2007-06-14 21:21:02,clplayer,125.232.93.184,0,0,0,https://www.ptt.cc/bbs/Soft_Job/M.1181827263.A.B1E.html,"
因為很少發表文章, 文章數不夠所以無法幫忙連署, 恭賀終於開板啦!
本人投入業界將滿週年, 是個經驗不足的小咖,
請大家幫忙的次數應該會比幫忙別人的次數來得多吧 ^^'
有需要我會盡量幫忙的...
不過要幫忙介紹工作的...自己去104投可能快一點 XD
--",,https://www.ptt.cc/bbs/Soft_Job/index3.html,41
41,[閒聊] 恭禧恭禧,閒聊,2007-06-14 21:28:35,cactuswu,210.64.150.3,0,0,0,https://www.ptt.cc/bbs/Soft_Job/M.1181827717.A.ED9.html,"
不經意在CareerPlan
看到開板消息
特來祝賀一番!!!
在下 甫大學畢業
準備踏入職場
望大家關照關照！XD
--",,https://www.ptt.cc/bbs/Soft_Job/index3.html,42
42,[討論] 本版進站畫面意見徵求,討論,2007-06-14 21:29:39,choufeng,125.230.162.104,6,0,2,https://www.ptt.cc/bbs/Soft_Job/M.1181827780.A.B5C.html,"
Soft_Job 版新創立，尚未有進站畫面，
為了要擁有本版專屬的進站畫面，我將會到
ascii_wanted 版徵求製作本站的進站畫面，
也就是交由專業的人來製作。
所以我想要徵求各位對於本版進站畫面的意見，
只要簡單的構思，請以另發新文的方式。
意見請以點的方式來簡單描述即可，例如：
<對進站畫面的構思>
1.背景為有010101010的字樣（淺綠色的）
2.有一台Acer的筆記型電腦
3.一位帶大眼鏡的阿宅正在瘋狂的coding...
4.旁邊文字寫著：難道這就是資訊人的宿命...XD
5.桌上放了數瓶喝完的蠻牛
6.牆上的鐘顯示著 AM 3:00
    .
    .
到時我會整理起來，請大家投票出幾個覺得不錯的構思，
便依此為需求設置獎勵至ascii_wanted版徵求高手製作。
以上
                                    版主 choufeng
--
推 aimlikenoob:Acer能夠換Apple的嗎.... (來亂的) 06/14 21:31
推 lcyeh:阿宅旁邊可以有美女嗎？呵呵（也是來亂的） 06/14 21:43
推 nooin:我喜歡3.那種感覺...可以搭配一點kururu的感覺更好 06/14 22:10
推 mathrew:版主一定有跟 Acer 收錢..... 科科... 06/14 22:18
→ fishfish0000:那…一個在電腦前的人被'coding'壓死…怎樣！哈 06/15 01:39
推 orphenya:推Kururu 好適合.... 06/15 10:53
→ drlai:._./ 版大～為甚麼要Acer? 06/15 12:34
推 choufeng:都說了是範例[email protected]@ 06/15 12:47","
推 aimlikenoob:Acer能夠換Apple的嗎.... (來亂的) 
推 lcyeh:阿宅旁邊可以有美女嗎？呵呵（也是來亂的） 
推 nooin:我喜歡3.那種感覺...可以搭配一點kururu的感覺更好 
推 mathrew:版主一定有跟 Acer 收錢..... 科科... 
→ fishfish0000:那…一個在電腦前的人被""coding""壓死…怎樣！哈 
推 orphenya:推Kururu 好適合.... 
→ drlai:._./ 版大～為甚麼要Acer? 
推 choufeng:都說了是範例[email protected]@ ",https://www.ptt.cc/bbs/Soft_Job/index3.html,43
43,恭喜開版囉!,,2007-06-14 21:46:24,jeijei,61.224.232.148,0,0,0,https://www.ptt.cc/bbs/Soft_Job/M.1181828788.A.E4F.html,"
恭喜開版囉!
祝版水多多!!!
--
Winters:我們是傘兵,被包圍是意料中事!
                                      摘錄自<Band of Brothers>
--",,https://www.ptt.cc/bbs/Soft_Job/index3.html,44
44,[閒聊] 恭喜開版,閒聊,2007-06-14 21:56:03,resamond,125.229.240.42,0,0,0,https://www.ptt.cc/bbs/Soft_Job/M.1181829368.A.014.html,"
看到開版真覺得高興
小妹我就是個肉腳的MIS啦
菜鳥一隻
初入職場不到一年
每次看Tech_job都覺得那好像不是我的世界一樣
很多東西都沒聽過是我太混了嗎>'<
--
好的資訊人員，不一定要什麼都會、什麼都懂
但要能在最短的時間內找出在經濟與效率之間的平衡點解答。
說的容易，要做到真難呀>'<
--",,https://www.ptt.cc/bbs/Soft_Job/index3.html,45
45,[請益] 請問晶睿科技,請益,2007-06-14 21:57:54,julamei,163.13.246.158,1,0,2,https://www.ptt.cc/bbs/Soft_Job/M.1181829475.A.D1B.html,"
※ [本文轉錄自 Tech_Job 看板]
  請問一下晶睿科技的工作環境如何呢?    (不是晶睿通訊喔)
　主管好相處嗎？
  新鮮人的底薪大概是多少呀?
  我應徵的是.net軟體工程師
　能請有在那邊工作的前輩說說看嗎
--
--
推 clplayer:去年第一個面試就這家...不過從頭到尾都不明白這家到底在 06/14 23:14
→ clplayer:幹嘛...裡面氣氛感覺應該算不錯,人都很和善... 06/14 23:14","
推 clplayer:去年第一個面試就這家...不過從頭到尾都不明白這家到底在 
→ clplayer:幹嘛...裡面氣氛感覺應該算不錯,人都很和善... 
→ previa: 環境soso ",https://www.ptt.cc/bbs/Soft_Job/index3.html,46
46,[閒聊] 恭禧開板,閒聊,2007-06-14 22:00:28,kizoi,211.74.116.156,0,0,0,https://www.ptt.cc/bbs/Soft_Job/M.1181829629.A.B23.html,"
希望大家多在上面討論
板主加油喔 ^^
--",,https://www.ptt.cc/bbs/Soft_Job/index3.html,47
47,[請益] 恭喜開版&問題,請益,2007-06-14 22:03:11,youkou,59.105.53.46,1,0,1,https://www.ptt.cc/bbs/Soft_Job/M.1181829794.A.E05.html,"
首先先恭喜開版!!
請問，數位設計產業可以在這裡討論嗎?
例如電腦動畫或者廣告公司之類的
謝謝
--
    1 ˇHate         心情 ◎幹！ 這裡是恨板 不是戰板          爆!moboo/lovegygy
    2   Bears        CPBL ◎天氣炎炎 砲火熊熊                 爆!gingling/Yenfu
    3 ˇWOW          線上 ●魔獸世界                          爆!memphes/Mounta
    4 ˇElephants    CPBL ◎天天看大象 我有健康的心臟         爆!okcool/Jkid/ev 
--
→ youkou:阿 修掉推文抱歉@@ 06/14 22:04
推 choufeng:可以喔!歡迎^^ 06/14 22:05","
→ youkou:阿 修掉推文抱歉@@ 
推 choufeng:可以喔!歡迎^^ ",https://www.ptt.cc/bbs/Soft_Job/index3.html,48
48,狂賀開版唷～,,2007-06-14 22:19:02,eviliori,61.230.54.177,0,0,0,https://www.ptt.cc/bbs/Soft_Job/M.1181830743.A.415.html,"
   恭喜開版啦，預祝版務蒸蒸日上～
   本身也是資訊人，希望大家可以好好交流一下 >_^b
--",,https://www.ptt.cc/bbs/Soft_Job/index3.html,49
49,[閒聊+問題] 關於數位產業,閒聊+問題,2007-06-14 22:19:19,youkou,59.105.53.46,0,0,5,https://www.ptt.cc/bbs/Soft_Job/M.1181830764.A.5FD.html,"
最近幾年政府有推出許多進修補助活動，小弟想請教一下各位先進，
小弟對於Flash、Maya、Photoshop、AfterEffect、Premiere等等軟體略有涉略，
已經有勉強做出幾個完整的動畫，少至1分多鐘多至5分鐘左右，
目前即將大四畢業，準備轉職成大頭兵，去年運氣好考過日檢三級XD，
不過目前在準備考1級或者2級。
想找數位資訊產業就業，而且是日商公司方面的相關工作，
請問這樣的能力能找哪方面的公司就職呢?
額外問題，請問數位資訊相關產業，有在台的日商公司嗎?
問題有點多，希望先進不吝指教。
--
    1 ˇHate         心情 ◎幹！ 這裡是恨板 不是戰板          爆!moboo/lovegygy
    2   Bears        CPBL ◎天氣炎炎 砲火熊熊                 爆!gingling/Yenfu
    3 ˇWOW          線上 ●魔獸世界                          爆!memphes/Mounta
    4 ˇElephants    CPBL ◎天天看大象 我有健康的心臟         爆!okcool/Jkid/ev 
--
→ sweetboy:軟體的使用能力不是重點，作品的成熟度比較重要 06/14 22:55
→ sweetboy:另外就是業界還是比較偏好有實際專案經驗的，如果是個人 06/14 22:58
→ sweetboy:興趣所做出來的東西，除非成熟度夠高，不然還是不太容易 06/14 22:59
→ sweetboy:獲得工作機會 06/14 23:00
→ youkou:謝謝 06/15 06:34","
→ sweetboy:軟體的使用能力不是重點，作品的成熟度比較重要 
→ sweetboy:另外就是業界還是比較偏好有實際專案經驗的，如果是個人 
→ sweetboy:興趣所做出來的東西，除非成熟度夠高，不然還是不太容易 
→ sweetboy:獲得工作機會 
→ youkou:謝謝 ",https://www.ptt.cc/bbs/Soft_Job/index3.html,50
50,[閒聊] 恭賀開板，自我簡介,閒聊,2007-06-14 22:23:31,HolyBugTw,60.237.84.122,4,0,1,https://www.ptt.cc/bbs/Soft_Job/M.1181831012.A.32D.html,"
        有一個Software Engineer的園地，真的是很感動，希望這邊可以
        慢慢地淘汰許多人拋頭顱灑熱血爆肝卻又換不到錢的窘況。
        我個人的資歷大概是這樣：
                某研究機構資訊所任職三年左右。
                回籠考研究所考上，等唸書前在某字型分公司接標案兩個月。
                南部念了兩年掛上碩士光環就回台北找工作。
                由於之前工作都是MIS，Web AP，Database，所以進了某網站公司。
                三個月後實在是被腹黑到體無完膚，只好辭職。
                現在到了某日商在台的研究所上班，大概半年了，以C為主。
        看了Techjob版不少對PM開火的文章，自己也有些經驗...
        其實我覺得Software是台灣的另一條出路，因為他不需要原料，
        只需要人力和能力，這樣就能夠有產品的誕生，對於幾乎無資源可言的
        台灣來說，或許服務業和加工產業才能匹敵。
        但是軟體產業在台灣很不受重視，往往軟體必須搭配硬體才有銷路。
        更不用說簽維護合約等等，無形的東西很難爭取到一席之地。
        RD是這個產業的根，沒有RD就沒有產品，也等同沒有原料。
        公司挑好RD算是挑好原料，公司栽培RD算是研磨原料，但是往往過份的要求
        與壓力未必能誕生鑽石，而是夭折了很多原本雄心壯志的好漢。
        老闆直接苛求員工的現象越來越少了，而PM當打手的現象似乎增多了。
        PM要求的是時程，品質，但是往往忽略了人性。
        過去老闆所要求的，轉為要求PM，而PM就往下轉嫁。
        似乎努力的苛求RD，時間越長就越能夠有進度，RD有榨不完的體力。
        賣雞排的賣雞排，轉公司的轉公司，轉來轉去大多還是一堆怨言。
        不過有些Soho族卻過的不錯，漸漸的讓人不清楚公司這個組織的好處。
        也許是不用自己尋覓工作機會吧。
        加班文化不知道是否只存在於台灣，但是面試的公司幾乎都先說加班
        並非必要，然而為了交貨就必然會加班。
        和同事聊天，很多人都寄望未來，從RD能夠變成PM，能遠離Coding的一天。
        但是大多都撐不下去，尋找未知的未來，然後還是原地打轉。
        我難得遇上一個好PM，他在工作量過大時會自己下來Coding，會告訴
        員工要努力工作但不要賣命工作，時間不早了會要RD回去休息，但往往
        看到的是他獨自寫文件，整理資料的背影。
        值得信任的PM，在我對規格有問題的時候，他會有解答。
        值得倚賴的PM，在我需要對合作夥伴提問時，他會是窗口。
        彼此尊重，不為了加班而加班，願意共體時艱一起奮鬥。
        原因是大家都知道對方很累，都看的見付出心血的成果。
        但是現在新的PM，他在RD們氣力放盡時，繼續要求更多的文件。
        他要我們共體時艱儘可能的加班，每天要開會檢視進度。
        工作做完的人就要去幫助別人分攤，直到案子結束為止。
        當他去開會的時候，要RD們等他回來才可以下班，即使我們累了，
        我們也只能望著時鐘，不知道什麼時候才能夠收起行囊。
        讓人失望的PM，在我對規格有問題的時候，他會說不知道。
        讓人放棄的PM，在我需要對合作夥伴提問時，他會要RD自己去，再回報。
        RD作出的文件比PM多，PM的文件都不曾讓RD知道自己手上有多少資源。
        為了討好上層，他會努力苛求RD。為了討好夥伴，他會全力攬回工作。
        作不完，想離職，有冤無處伸，有苦無處訴，一堆不能實現的承諾。
        天下不是沒有好PM，但是好PM為什麼這麼難尋？
        因為壞PM讓RD們一個個不想繼續往上成長，也沒有出頭的機會。
        天下有的是好RD，但是壞RD為什麼這麼好尋？
        因為壞RD讓PM們一個個滿心歡喜，打好關係比做多少事更重要。
        還在求學的學生們，或許多修個厚黑學比修個Coding技巧實際。
        已經在社會的RD們，如果你也很茫然，我們抱著一起哭吧。
        抱歉寫的有夠長，感謝您能忍受看到結束。
        要批請溫柔的鞭策...囧rz...
--
推 choufeng:側g的很中肯 道出軟體業的一個普遍現象 06/14 22:34
→ aimlikenoob:能夠嘴砲搞定user,往往真的連coding都省了.. 06/14 22:36
推 choufeng:推樓上！所以PM和user討的技巧也要很好!不能老是自己搞出 06/14 22:44
推 choufeng:爛攤字，結果要coding的人幫PM擦屁股 06/14 22:45
推 ksmrt0123:推 06/17 15:21","
推 choufeng:側g的很中肯 道出軟體業的一個普遍現象 
→ aimlikenoob:能夠嘴砲搞定user,往往真的連coding都省了.. 
推 choufeng:推樓上！所以PM和user討的技巧也要很好!不能老是自己搞出 
推 choufeng:爛攤字，結果要coding的人幫PM擦屁股 
推 ksmrt0123:推 ",https://www.ptt.cc/bbs/Soft_Job/index3.html,51
51,Re: [討論] 促進交流增加人氣的自我介紹 [討論串],討論,2007-06-14 22:35:03,GregHowe,218.175.220.23,0,0,0,https://www.ptt.cc/bbs/Soft_Job/M.1181831706.A.A03.html,"
  終於有個軟體人的科技版了....先恭喜一下
  小弟我今年27, 未婚
  普大資訊工程系畢業
  目前任職某南部傳統產業的研發中心軟體工程師
  主要工作內容為類比電視數位電視整合到運動器材上(跑步機,腳踏車)
  工作平台以Linux為主 ,擅長語言為C, C++則尚可
  做的是Embedded System, 做RS232的控制(AC servo之類的)
  除了電視功能外可能還會追加MP3播放, 上網等等, 整合入機台
  喜歡的圖形介面大概就是GTK+了吧 (因為它免費)
  從bootloader, kernel, init script, application
  小弟我全包了....其實這些並不難
  我已經把它們整合到USB或CF card, 板子只要可以支援就可以開機
  下班都會到公司的健身房報到, 坐辦公桌一整天, 總該動一動吧
  喜歡聽metal, rock, blues, 自己也喜歡彈, 所以晚上就是我練習的時間
  一些演奏曲也蠻喜歡的, 最近就挑了Kiko Loureiro的No Gravity來練
  其實寫軟體跟學音樂是一樣的
  含有一些制式的規定
  但如果你能掌握並能靈活運用, 我想那是很有趣而且很有成就感的一件事
  在此和大家互相勉勵
--",,https://www.ptt.cc/bbs/Soft_Job/index3.html,52
52,Re: [討論] 促進交流增加人氣的自我介紹 [討論串],討論,2007-06-14 22:40:16,choufeng,125.230.162.104,0,0,0,https://www.ptt.cc/bbs/Soft_Job/M.1181832017.A.38B.html,"
    推！資訊軟體人不能總是窩在電腦前面！久了會出問題的。
　　而且就算我們現在再怎麼苦，也不能苦的沒有價值，不能到老了說不能做
　　就不能做了！
　　總得要有規律的運動，保持身體的健康和體力！
　　才不會白白把自己的健康全都犧牲掉。
--",,https://www.ptt.cc/bbs/Soft_Job/index3.html,53
53,[閒聊] 恭喜開版,閒聊,2007-06-14 22:40:12,Harifucks,61.31.138.214,1,0,0,https://www.ptt.cc/bbs/Soft_Job/M.1181832138.A.38D.html,"
恭喜啦，我當初也有連署喔
--
台灣溫泉討論區～www.bearpipi.com.tw
--
推 choufeng:呵！感恩啦！ 06/14 22:44","
推 choufeng:呵！感恩啦！ ",https://www.ptt.cc/bbs/Soft_Job/index3.html,54
54,[閒聊] 恭喜開版,閒聊,2007-06-14 23:01:24,hihic,219.68.98.28,0,0,0,https://www.ptt.cc/bbs/Soft_Job/M.1181833287.A.683.html,"
恭喜～～恭喜～～
多個地方可以討論了
小弟是即將上班的新鮮人
真是既期待..又怕晚下班阿 XD
--",,https://www.ptt.cc/bbs/Soft_Job/index3.html,55
55,[閒聊] 恭喜開版,閒聊,2007-06-14 23:07:16,XrGodz,218.160.185.123,0,0,0,https://www.ptt.cc/bbs/Soft_Job/M.1181833637.A.F63.html,"
恭喜開版  版運興隆
小弟我只有參與第一次的連署XD'
第二次不知道跑哪去了...Orz
總之...
恭喜啦~~
--",,https://www.ptt.cc/bbs/Soft_Job/index3.html,56
56,Re: [閒聊] 恭喜開版,閒聊,2007-06-14 23:30:15,simata,59.115.226.98,0,0,0,https://www.ptt.cc/bbs/Soft_Job/M.1181835016.A.17E.html,"
        感動ing~ 每天下班沒事就看看tech_job..
        發現這個新開的版..恭喜啦..^_^
        我也是職場新鮮人...
        最近是怕太早下班紿資深同事感覺怪怪.. >_<
        (因為他們都很晚下班pm9:00後...)
--",,https://www.ptt.cc/bbs/Soft_Job/index3.html,57
57,[閒聊] 賀!!!,閒聊,2007-06-14 23:36:13,Markeys,125.230.146.216,0,0,0,https://www.ptt.cc/bbs/Soft_Job/M.1181835378.A.025.html,"
恭喜開板～！！！
盼呀盼的終於盼到有這個板可以討論
我目前是半工半讀的遊子
是ＶＢ的初學者
然後接下來還會學到Ｃ語言
請各位先進多多指教　m(_ _)m
--
                           ╔╗
  ╔╦╮╮╭══╮╔╗╭╮╠╣  ╮╭╦═╮╔╗  ╮╭╦═╮
   ╠╣║║╭╦═╣╠╬╯  ╠╬╦╯╠╬═╝╠╣  ║╰╩═╮
 ╚╝╰╰╰╩═╰╚╝    ╚╝╰═╰╩═╯╰╩═╣╰══╯
                                           ╰══╯
--",,https://www.ptt.cc/bbs/Soft_Job/index3.html,58
58,Re: [閒聊] 恭喜開版,閒聊,2007-06-14 23:37:01,abadbman,218.175.226.173,0,0,0,https://www.ptt.cc/bbs/Soft_Job/M.1181835422.A.8CF.html,"
要放鞭炮啦....
這是一個資訊人交換工作情報的好地方^^
--",,https://www.ptt.cc/bbs/Soft_Job/index3.html,59
59,[閒聊] User Side & Vendor Side,閒聊,2007-06-14 23:43:46,ritchieHsu,218.169.113.45,1,0,0,https://www.ptt.cc/bbs/Soft_Job/M.1181835827.A.3CF.html,"
 一般而言 一個朝企業資訊應用的資訊人
 不外乎 在合約書上的甲乙方遊走
 註；
 甲方；諸如 銀行 電信 製造業 科技業裡的 IT/MIS/MES/CIM 等等 系統整合開發人員
 乙方；軟體業 資服業 系統整合業 外商大型顧問業等等
 小弟在這個兩個領域都稍有一點點小經驗
 不過我有一個很大的疑惑就是
 通常在Vendor Side要學的技術技術往往比User Side還要多還要紮實
 平均起來好像比較操一點，感覺上User Side 平均來說 比較容易準時上下吧
 而大環境而言 User Side 平均的$回報卻比較高
 不知道各位先進是否也有這樣的感覺 ?
 但不可否認的 Vendor Side員工的跳槽籌碼是比較高一點
 我在想很多資深的先進們 是否年輕的時候在Vendor Side磨個三五年
 在找個好大樹談個好價碼到User Side去
--
推 kithe:User Side薪水會比較高? 應該是相反吧 06/15 00:43","
推 kithe:User Side薪水會比較高? 應該是相反吧 ",https://www.ptt.cc/bbs/Soft_Job/index3.html,60
60,[閒聊] 恭喜開版,閒聊,2007-06-14 23:45:44,mike0226,59.121.5.72,0,0,0,https://www.ptt.cc/bbs/Soft_Job/M.1181835946.A.012.html,"
        恭喜開版喔！
        我也是身為資管的一員
        目前也和版主一樣是碩班新鮮人
        正等待研究所的開課
        不過我仍繼續是讀資管所 :D
        能夠多了這個版來討論相關的工作
        相信一定能有很多的幫助
--
        人因為有愛而快樂 因為有夢而偉大
        把握現在 就是最好的未來
--",,https://www.ptt.cc/bbs/Soft_Job/index4.html,61
61,[閒聊] 恭喜開版,閒聊,2007-06-14 23:49:52,jackiey,61.230.21.146,0,0,0,https://www.ptt.cc/bbs/Soft_Job/M.1181836194.A.13A.html,"
2次都有連署到
太棒啦
為苦悶的軟體資訊人開一個傾吐的大門!!!!!!!!!!!!!!!!
大家可以先說說自己的客戶是哪方面?
--
【★Sijhih  北縣 ◎汐止板】
--",,https://www.ptt.cc/bbs/Soft_Job/index4.html,62
62,恭禧開板！！！,,2007-06-14 23:51:28,wisand,220.142.104.1,0,0,0,https://www.ptt.cc/bbs/Soft_Job/M.1181836289.A.07D.html,"
好棒！有專版可以討論軟體性的工作了
真好真好！
我是資管的哦！現在也正在從事軟體相關工作
希望在這邊和大家多多交流。。。。
^___________________^
--",,https://www.ptt.cc/bbs/Soft_Job/index4.html,63
63,"[閒聊] 我也插花一下,恭賀開板",閒聊,2007-06-14 23:55:59,tr6271bf,125.229.4.224,0,0,0,https://www.ptt.cc/bbs/Soft_Job/M.1181836560.A.1E5.html,"
距上次看到連署已有快2週以上,現開版了,恭賀相關同道中人,希望此版能給需要的人更精確的資訊!
--",,https://www.ptt.cc/bbs/Soft_Job/index4.html,64
64,[閒聊] 協力廠商駐點人員,閒聊,2007-06-14 23:56:13,ritchieHsu,218.169.113.45,2,0,1,https://www.ptt.cc/bbs/Soft_Job/M.1181836574.A.F1E.html,"
 我很好奇 很多Use Side大公司 諸如 銀行 電信 公家 科技 製造業等等
 會把專案外包給資服公司
 有些是By Case，有些是By人月
 外面的行情來說 一個人月約12-15萬
 有的有得更是長期駐點一兩年 甚至更久都有
 外包人頭人月的Cost往往比養一個IT(平均5萬好了) 高很多
 為何公司會肯花這個錢 ?
 我的觀念是
 把這些錢和工作都壓給員工不是很好嗎
 事情自己做 錢自己(員工)賺，兩全其美
 雖然有人會說 只想養短期的，不過我看有的專案一簽兩三年以上的
 這道不如高薪聘請相對水準可以高很多的正式員工
 在站在Vendor Side駐點員工的角度來看好了，你一個月幫公司貢獻
 15萬的營收，你實收薪水可能5萬左右，賺錢的還是公司和老闆
 我在想先進和高人們是否都是登記公司 自己承接這些專案
 所以價值還是在Business(如何攬到專案) ?
--
推 aaronliu0719:假設養一個人是100/年  實際成本約300~400/年 06/15 08:46
→ aaronliu0719:除了紅利、福利之外 相應人員增加的總管費用也要算 06/15 08:46
推 aaronliu0719:例如隨著人員增加而必須擴編的HR、會計部門.... 06/15 08:51","
推 aaronliu0719:假設養一個人是100/年  實際成本約/年 
→ aaronliu0719:除了紅利、福利之外 相應人員增加的總管費用也要算 
推 aaronliu0719:例如隨著人員增加而必須擴編的HR、會計部門.... ",https://www.ptt.cc/bbs/Soft_Job/index4.html,65
65,Re: [閒聊] 協力廠商駐點人員,閒聊,2007-06-15 00:02:41,Zilch,220.135.85.142,0,0,2,https://www.ptt.cc/bbs/Soft_Job/M.1181836962.A.73D.html,"
        也許是因為公司養員工還有一些費用你沒有算到？
        例如各項福利
        甚至連辦公室設備可能都有算上？
        不過的確我也不知道為甚麼需要到 12-15 萬人/月
        不知道有沒有人算過可以解惑一下;p
        而且雖然報價這樣報
        但實際上專案到時成交的價格要打幾折
        其實還是很難說的啊…
--
→ nobody1:沈沒成本呦~~ 而且定義也不太一樣~~ 拍洗  路過~~ 06/15 10:07
→ Zilch:嗯啊，那還是拿掉好了 06/15 21:46","
→ nobody1:沈沒成本呦~~ 而且定義也不太一樣~~ 拍洗  路過~~ 
→ Zilch:嗯啊，那還是拿掉好了 ",https://www.ptt.cc/bbs/Soft_Job/index4.html,66
66,Re: [閒聊] 恭喜開版,閒聊,2007-06-15 00:26:04,SPZ,122.124.16.26,0,0,0,https://www.ptt.cc/bbs/Soft_Job/M.1181838367.A.A2F.html,"
我來恭賀一下，小弟剛出社會
目前也是從事軟體RD的工作
看到前輩們超強的能力總覺得自己非常不足
希望能在這職位與產業站穩腳步
在工作中得到成就感與樂趣
很高興認識大家囉!
--",,https://www.ptt.cc/bbs/Soft_Job/index4.html,67
67,Re: [閒聊] 協力廠商駐點人員,閒聊,2007-06-15 00:31:42,johe5678,220.133.71.120,1,0,3,https://www.ptt.cc/bbs/Soft_Job/M.1181838703.A.84F.html,"
 專案有主要含軟硬體大部份都較高價,
 會用人/月,都是請資訊公司公告找人外派,ꐊ 一個人/月12~15萬真的還假的??
 兩年前我去神通面試才開2萬5(外派中華電信機房),
 其他資訊公司外派到公司或銀行2萬8~3萬2之間.
--
→ kithe:大公司的價碼,不行就換人,划得來吧 06/15 00:45
推 chihyi1980:是真的..至少我們公司丟台積大概也是收這個錢..XD 06/15 02:36
→ Zilch:一個人/月12~15萬是乙方開價，你實拿的薪水2萬8~3萬2啊 06/15 21:23
→ Zilch:兩個數字不是同樣意義啊 06/15 21:23","
→ kithe:大公司的價碼,不行就換人,划得來吧 
推 chihyi1980:是真的..至少我們公司丟台積大概也是收這個錢..XD 
→ Zilch:一個人/月12~15萬是乙方開價，你實拿的薪水啊 
→ Zilch:兩個數字不是同樣意義啊 ",https://www.ptt.cc/bbs/Soft_Job/index4.html,68
68,[閒聊] 恭喜開版,閒聊,2007-06-15 00:48:49,IyuanChen,219.84.150.220,0,0,0,https://www.ptt.cc/bbs/Soft_Job/M.1181839730.A.DCE.html,"
終於有一個屬於我們資訊人的版!!
希望各位在這一行能找到屬於自己的路!!!
--",,https://www.ptt.cc/bbs/Soft_Job/index4.html,69
69,Re: [閒聊] User Side & Vendor Side,閒聊,2007-06-15 00:53:01,OlympiaL,220.135.21.211,0,0,1,https://www.ptt.cc/bbs/Soft_Job/M.1181839982.A.150.html,"
        倒不見得哦, Vendor也是要看分工, 一般來說user side工程師都要on call
        vendor side同樣的工作有些人需要standby, 有些不用...
        如account ce, account se
        姑且不論$$, vendor side學習的機會多, 能力好, $$自然就多了
        現在vendor side也不見得會找剛畢業的, 想進vendor應該要去SI或是user side
        先操練個2,3年
--
→ lcyeh:請教，account ce, account se, SI是什麼？ 06/15 06:32","
→ lcyeh:請教，account ce, account se, SI是什麼？ ",https://www.ptt.cc/bbs/Soft_Job/index4.html,70
70,R: [討論] 促進交流增加人氣的自我介紹 [討論串],討論,2007-06-15 00:58:31,E04urmom,61.62.23.235,1,0,0,https://www.ptt.cc/bbs/Soft_Job/M.1181840316.A.25F.html,"
這麼久了
這個全國最多人使用的 BBS 社群終於也有了資訊軟體討論的空間
我也不用在 CompScience 裡頭偷渡相關的心得文章
來挑戰版主的容忍度 ,PsMonkey,你是個好人 (遞卡
賀喜!
這個產業的不成熟, 造成很多奇特的現象
不論這個業界的發展如何, 能有個討論的原地, 能增進正面的發展
加油 ^_^
補上個人自介
某大學商科畢業, 目前三十多歲, 混於資訊業的金融產業區塊超過十年
Programmer 經歷 2年, C,C++, 早期某知名顯示卡公司寫 SDK/DDK 相關 Driver
SA/SD 經歷 3 年, 遊走台灣/外商之間偷學跟客戶訪談溝通談判技巧
PM /Department  Head 經歷 6年, 呆伯特晉升鳥伯特
經手專案,EDI,BI,OLAP,Data warehouse,eloan,JCIC,SNA/HIS,CICS ,Data Mining,理財
管理等亂七八糟專案.
--
推 ankasc:除了年紀和工作資歷之外，你碰過的東西，幾乎跟我一樣耶.XD 06/15 21:50","
推 ankasc:除了年紀和工作資歷之外，你碰過的東西，幾乎跟我一樣耶.XD ",https://www.ptt.cc/bbs/Soft_Job/index4.html,71
71,Re: [討論] 促進交流增加人氣的自我介紹 [討論串],討論,2007-06-15 01:27:46,littlebau,59.120.70.50,5,0,3,https://www.ptt.cc/bbs/Soft_Job/M.1181842067.A.4D8.html,"
各位好 我是時常在tech版出現的 littlebau
目前也是已經工作兩年的BIOS工程師
在此自我介紹一下
我畢業於輔大資管，是個程式作業總是抄人家的混蛋。
大三的時候被老師笑：連一個VB作業都寫不出來，這樣實在很糟糕
曾經被二一過，因為自己實在是有點混。
搞到後來甚至很害怕寫code。實際上連作業都寫不出來的我 也沒什麼好寫的..
直到專題的開始改變了我的未來，話說每個念資訊的學生都有專題這個東西
我也不例外，最後不才的我，很認真的寫了半年的code，寫出一個專題第二名出來。
因為最主要的核心功能是我寫的，這對別人來說可能沒什麼
可是對於我來說，卻是非常驚訝我可以有這樣的成績。
我老哥是做硬體工程師，他叫我去做BIOS，或是去寫Driver。
我說：你瘋了？！我的背景根本就差很多，況且那很難，我不可能是這塊料。
      （我不好意思跟我老哥說 我不怎麼會寫code，連作業都寫不大出來)
       連C語言 1加到100 我都想超久的。後來記得還沒寫出來哩。)
當我決定我想去做寫韌體的工作的時候，我真的覺得我瘋了。
因為有種連走路都走不好了，還想要飛的感覺。
當時許多人都跟我說很多喪氣話，不可能的，除非你很努力很努力！！
讓我心理的壓力很大，覺得這真的不是我能走的路。
但是我還是想試試看，反正，頂多就是被fire!
恩...似乎最壞的情況就是被fire?
那還有什麼好怕的？！？！
我運氣很好，後來找到一間大廠願意找我作韌體助理工程師
我運氣很好，後來升了工程師。
我運氣很好，遇到好主管，我的能力只針對專業的領域培養
其他資工 電子畢業的同事們，雖然比我強，但是在對於專業這塊
他們也是剛起步，因此每個人都差不多，應該是說每個人都有自己擅長的一塊專業領域。
因此我雖然資訊的東西沒學好，但是運氣好，透過實戰，我只培養出實戰的經驗
同事們彼此都互相打氣，因此學習環境佳，學習的速度非常好。
慢慢的有站穩這個職位的感覺。
也與其他想轉行的朋友們共勉之
世上的事情你沒做過，千萬別說辦不到，或是對著別人說喪氣話。
對了 我現在程式還是一樣爛，不過很奇怪就是想寫些什麼tool之類的
就都會跟別人請教 或是 查書，都慢慢的可以寫出來，只是沒很快而已。
我也覺得很奇怪為什麼以前學校程式作業都交不出來
大概是因為沒有心想寫吧。（因為以前寫了一兩個小時寫不出來就放棄了）
我的msn是 [email protected] 歡迎跟我討論或是任何能為你解惑的 小弟都可以幫忙
--
→ fishfish0000:能體會！我也是不太會寫程式的資管生！為了專題… 06/15 01:38
→ fishfish0000:為了專題硬著頭皮寫勉強還寫了一點東西！也是第二名 06/15 01:38
推 ljr:感謝您的經驗分享 :D 06/15 03:10
推 envia:是sanc的管理者嗎? 06/15 07:35
推 mike0226:輔大資管的學長你好呀 :D 06/15 23:32
推 capslook1218:同校學長推推推.... 06/24 01:17
推 blue955:感謝您的經驗分享，曾經也以為自己一事無成，不過看到這一 08/10 09:49
→ blue955:篇，信心增加不少，一起加油吧！ 08/10 09:50","
→ fishfish0000:能體會！我也是不太會寫程式的資管生！為了專題… 
→ fishfish0000:為了專題硬著頭皮寫勉強還寫了一點東西！也是第二名 
推 ljr:感謝您的經驗分享 :D 
推 envia:是sanc的管理者嗎? 
推 mike0226:輔大資管的學長你好呀 :D 
推 capslook1218:同校學長推推推.... 
推 blue955:感謝您的經驗分享，曾經也以為自己一事無成，不過看到這一 
→ blue955:篇，信心增加不少，一起加油吧！ ",https://www.ptt.cc/bbs/Soft_Job/index4.html,72
72,賀 開版成功,,2007-06-15 02:53:05,erichugh,220.139.152.209,0,0,0,https://www.ptt.cc/bbs/Soft_Job/M.1181847187.A.2BB.html,"
恭喜恭喜 等好久了
終於順利開成了 賀~賀~賀!
小弟今年中X大學資工系大四即將畢業
備取了幾間資工所 上了一間 其他還在慢慢等待中
從數學系轉學至資工系之後才開始摸程式
希望在未來能藉著這個版吸收更多
有朝一日在將所學貢獻給未來的資訊人
--",,https://www.ptt.cc/bbs/Soft_Job/index4.html,73
73,Re: [討論] 促進交流增加人氣的自我介紹 [討論串],討論,2007-06-15 03:10:33,chihyi1980,59.115.128.192,4,0,1,https://www.ptt.cc/bbs/Soft_Job/M.1181848236.A.003.html,"
大家好..真難得有這個soft_job板了..不然看tech_job上的討論總是硬體居多..
先自我介紹吧...
小弟今年26y 大學跟研究所都在台中乳牛教堂大學度過..去年才剛從研究所逃出來..
因為跟趙駙馬爺一樣炒內線..啊..不是啦..有一樣的隱疾..所以只當了12天補充兵..
出來社會第一份工作是在台北神通..以接接政府的專案為主..
做了四個月覺得不喜歡..就換到另一間派遣公司..現在被丟到台積當Vendor..
初次接觸程式設計是在高中的社團..當時靠著高中學長的教導..
從Basic語言開始進入這塊領域..也就開始覺得可以從這上面獲得成就感..
不過進了大學之後..就開始迷上Java..從此之後走上了不歸路..(遠目~)
雖然大學生涯中接觸過很多其他語言..但總覺得不對味口..XD
大三開始專題製作時..更迷上了J2ME..對於寫PDA,手機上的程式特別有興趣..
接下來便是一頭栽進去了..每年JavaTwo都會排除萬難去參加...XD
之後念研究所..因為我是數學奇才..一個微積分上下期加起來修七次的奇才...
反正考不贏人家..XD  只好乖乖推甄自己系上研究所..
因緣際會下進了嘴砲實驗室..跟了系上的嘴砲王教授..
發現這世界上只要名氣夠響..會寫嘴砲企劃書..就會有人把鈔票自己獻上...
啊...好像寫錯了.....orz
總之研究所進了一間專門以研究軟體工程為導向的實驗室..
開始去瞭解所謂軟體生命週期, 瀑布式模型/漸進式開發...甚至CMMI, RUP這些鳥...知識
至此才覺得之前寫code很像都在土法鍊鋼..畢竟缺乏這些background的話..
自己寫寫小東西自high沒問題..但是要應付大型project..要跟別人co-work又不一樣了..
不過這幾個月來出社會工作..也才慢慢發掘..有些書本裡寫的也未必合用啊..
啊..很晚了..zz 看到soft_job板開板很興奮就啦勒了一堆...
總之還是希望能拋磚引玉..大家能多多在這邊分享心得啦...^^
--
-----------------------五日後----------------------
--
推 frank99977:幫你推一下簽名檔= = 06/15 09:18
推 nooin:推簽名檔 ..= = 06/15 10:11
→ PRAM:Vendor 是什麼啊 06/15 12:15
推 seagal:哈 文章寫的真生動 好好看 06/15 15:30
推 joyfulpizza:好像之前在tech版有看過這位大大的文  推一個 06/15 16:09","
推 frank99977:幫你推一下簽名檔= = 
推 nooin:推簽名檔 ..= = 
→ PRAM:Vendor 是什麼啊 
推 seagal:哈 文章寫的真生動 好好看 
推 joyfulpizza:好像之前在tech版有看過這位大大的文  推一個 ",https://www.ptt.cc/bbs/Soft_Job/index4.html,74
74,[閒聊] 恭喜喲,閒聊,2007-06-15 04:48:17,edwardtan,59.112.43.40,0,0,0,https://www.ptt.cc/bbs/Soft_Job/M.1181854098.A.A5A.html,"
恭喜開板呀
  祝板運昌隆
    人氣頂旺旺
      板火永不熄
        ^_________^'
--",,https://www.ptt.cc/bbs/Soft_Job/index4.html,75
75,Re: [閒聊] User Side & Vendor Side,閒聊,2007-06-15 05:57:07,BalahBalah,61.62.23.235,4,0,5,https://www.ptt.cc/bbs/Soft_Job/M.1181858228.A.608.html,"
Vendor Side 跟 User Side 你可以看成店家與購買的客戶關係
你捧著鈔票去買東西, 可能你買的東西你有研究過, 畢竟沒有賣的人熟
想當然要賣你東西的勢必要有點水準給你提供意見或服務你才願意買單
這兩種, 基本上沒有技術的可比性跟必要, 看事情的前提跟條件都不同
至於回報問題, 要看產業, 不是所有的 Vendor Side 都可以用幾年後跳槽來談個好薪水
舉個例子, 金融產業 (尤其是本國), 注重的不是你在外面的經驗, 而是年資跟內部考核
我知道的狀況, 一個銀行的副理好了, 要幹個十年左右才有機會, 薪水大概 120~150萬
看起來似乎投資報酬率不高嘛, 在外面混個十年, 也該有一百萬左右的水準, 不是嗎
重點來了...一個在銀行幹二十年左右的資深經理, 年薪可以到200萬以上, 外面呢? 別
鬧了, 沒有個副總處長啥的, 幹到死都沒有,前公司的副總還八萬多一個月而已!!!
外面喜歡用 title 讓你覺得虛榮或是好接案子啥的, 某些產業看年資.
User Side 薪水單月通常而言都會低於 Vendor Side, 但是算上整年度的薪水, 通常都
會超過, 如製造業金融業, 隨便年終都有個三五個月,再加上 User Side 的福利 (你以
大樹舉例, 當然福利不會太差嘛), 穩定, 是 User Side 最受人喜歡的主因
請依照個性慎選, User Side 涼歸涼,請有決心要長期耕耘, 否則只是磨掉你的心性跟創
意, Vendor Side 很操很累, 但是有實質成就跟學習的機會很大, 靠到遠景棒的公司會
讓你上天堂 (本人的房子是某公司未上市之前員工股票賺來的), 靠到爛的公司會讓你住
套房加上一天到晚找工作,早晚會讓你對這個產業失去信心.
加油, 祝各位事業順利鵬程萬里
--
→ BalahBalah:BTW,看很多人對PM有很深的怨恨, 改天有空來分享一下這 06/15 06:00
推 lcyeh:解說得很仔細，有機會希望能多了解銀行的資訊人員 06/15 06:00
→ BalahBalah:方面的經驗,PM也是很棒很有前途的,很多外在的因素導致 06/15 06:00
→ BalahBalah:PM這個職位被誤解, 辛酸阿...很多好PM很努力的 ^_^ 06/15 06:01
→ BalahBalah:我在Java板有分享過資訊產業的心酸現況, 有興趣可以看갠 06/15 06:05
推 lcyeh:剛好剛剛在Java板有看到你發表的文章 06/15 06:17
推 lcyeh:不過能容忍年薪破百萬的銀行多嗎？ 06/15 06:28
推 lcyeh:現在台灣的銀行也很競爭，合併時常可見，年資能累積到10年 06/15 06:30
→ lcyeh:20年的機會大嗎？優退風在台灣也很流行啊 06/15 06:31","
→ BalahBalah:BTW,看很多人對PM有很深的怨恨, 改天有空來分享一下這 
推 lcyeh:解說得很仔細，有機會希望能多了解銀行的資訊人員 
→ BalahBalah:方面的經驗,PM也是很棒很有前途的,很多外在的因素導致 
→ BalahBalah:PM這個職位被誤解, 辛酸阿...很多好PM很努力的 ^_^ 
→ BalahBalah:我在Java板有分享過資訊產業的心酸現況, 有興趣可以看갠 
推 lcyeh:剛好剛剛在Java板有看到你發表的文章 
推 lcyeh:不過能容忍年薪破百萬的銀行多嗎？ 
推 lcyeh:現在台灣的銀行也很競爭，合併時常可見，年資能累積到10年 
→ lcyeh:20年的機會大嗎？優退風在台灣也很流行啊 ",https://www.ptt.cc/bbs/Soft_Job/index4.html,76
76,Re: [討論] 促進交流增加人氣的自我介紹 [討論串],討論,2007-06-15 06:25:51,OnlyRD,125.225.98.103,0,0,0,https://www.ptt.cc/bbs/Soft_Job/M.1181859952.A.F63.html,"
看完有幾個問題想問一下:
1>IC是你們公司自己開的嗎? 因為看起來連BOOTLOADER跟OS到AP都自己做
  而且有支援類比+數位電視還有MP3+上網...整合度那麼高的晶片...
  而且跑LINUX...看起來有多工的功能...所以不是好幾顆80XX晶片+DSP
  就是走CPU架構的晶片...還支援讀取USB跟CF卡...
  我只能說MTK的數位電視晶片可能也差不多這樣而已~搞不好還輸你們
  可是如果IC不是你們自己開的...
  那只能說你們的IC設計廠商真的沒有天良~
  竟然只給你IC的規格叫你們根據他們自訂的架構做SDK又做客製...
  還一人統包~~~只能說是無言...把整合度這麼高的晶片當被動元件賣~ORZ...
2>你們需不需要COST DOWN? 如果只是AC控制+小螢幕+MP3整合到運動器材上
  應該用不到LINUX那麼肥的OS...這樣記憶體又省好多
3>無法想像寫AP跟圖形介面,說自己C++尚可而已
  那你C真的很強~佩服~我每次看那些有物件導向精神的C程式...
  就會讚嘆好險有SourceInsight or SlickEdit之流的軟體存在~
  不然要trace code真的會trace到死....
4>說到BUG...那我想IC真的是你們自己開的~
  沒想到南部也有傳產公司願意自己開IC
  不然你porting LINUX kernel的時候
  printk還不能用的階段  如何使用ICE之類的debug?
5>很好奇你們的IC design部門多少人啊?
真的甘拜下風~尤其還很年輕~
這等於一個人撐起來的軟體部門了
我有同事去晨星跟MTK
做的東西可能只有你的幾十分之一吧
看來人外有人天外有天啊
--",,https://www.ptt.cc/bbs/Soft_Job/index4.html,77
77,[薪福] 大家提供一下資訊業相關薪資吧,薪福,2007-06-15 08:15:55,followmeyo,61.64.190.210,0,0,0,https://www.ptt.cc/bbs/Soft_Job/M.1181866559.A.30C.html,"
首先  先賀開板成功
既然這是資訊軟體業板
大家比較關心的應該是薪水問題吧
希望有經驗的朋友可以提供相關資訊讓大家參考
最好的話是以第一份正職的工作薪資/什麼產業/職務
當然其他不是正職也行  只要是資訊相關工作就好
我先提我的經驗  由於還正在找第一份正職工作
所以提工我打工的經驗
約聘測試工程師/資訊軟體業/時薪150
--",,https://www.ptt.cc/bbs/Soft_Job/index4.html,78
78,Re: [薪福] 大家提供一下資訊業相關薪資吧,薪福,2007-06-15 08:55:19,shauhaw,202.154.218.253,0,0,1,https://www.ptt.cc/bbs/Soft_Job/M.1181868920.A.A83.html,"
  高雄小港某上櫃公司 金屬製造業 資訊 38K
--
→ shauhaw:國立資管碩士畢業，三年工作經驗，每日工時8-9hr 06/15 10:57","
→ shauhaw:國立資管碩士畢業，三年工作經驗，每日工時8-9hr ",https://www.ptt.cc/bbs/Soft_Job/index4.html,79
79,Re: [薪福] 大家提供一下資訊業相關薪資吧,薪福,2007-06-15 10:04:23,spo1012,163.18.97.72,2,0,1,https://www.ptt.cc/bbs/Soft_Job/M.1181873064.A.F5D.html,"
  RD工程師/資訊軟體業/50k
--
推 nooin:........看了兩篇以後我就不敢接文了...囧rz.. 06/15 10:14
推 steam:建議加上年資 還有學歷供參考... 06/15 10:18
→ lcyeh:還有工時也很重要，哈 06/15 10:24","
推 nooin:........看了兩篇以後我就不敢接文了...囧rz.. 
推 steam:建議加上年資 還有學歷供參考... 
→ lcyeh:還有工時也很重要，哈 ",https://www.ptt.cc/bbs/Soft_Job/index4.html,80
80,[討論] 促進交流增加人氣的自我介紹 [討論串],討論,2007-06-15 10:28:58,egglet,211.75.159.96,2,0,2,https://www.ptt.cc/bbs/Soft_Job/M.1181874539.A.AF6.html,"
我跟你的背景有點像，我也是資管出身，研究所剛畢業找工作時一整個好笑
居然沒有什麼 MIS 公司找我去面試，大部分都是系統廠找我去面試
只有一間是做 MIS的公司找我面試，但是被主管說背景不合當場被發卡
反而是系統廠找寫Driver的還會給我offer。
現在的工作就寫寫 driver 、玩玩linux kernel和偶爾去跟寫firmware的工程師討論
自己平常沒事就看一些 os kernel的東西。
剛上班時，第一天就碰 linux driver，一整個手忙腳亂，下班回家狂看書
不過幸好在學生時代還有唸點書，還可以跟資深工程師討論程式
因此，同事覺得我還有一點概念，老闆突然抱怨起我動作太慢時
他們還會幫我跟老闆說以剛畢業的新人來講，能有這樣的表現就算優秀了
過了試用期後，我就越來越上手了，可以自己一個人解決問題
老闆也開始讓我去碰 windows driver 的部分。
第一份工作很高興自己遇到了許多貴人相助。
--
推 RiverJackson:我之後的工作也是做嵌入式系統 主管只問我會不會c 06/15 10:46
→ RiverJackson:現在我正在自學c 但是還很弱 還不知道從何下手 06/15 10:47
→ RiverJackson:滿好奇linux driver 該怎麼學呢？買書？ ^^ 06/15 10:48
推 fish39:linux device driver拿起來看吧@[email protected] 06/15 21:16","
推 RiverJackson:我之後的工作也是做嵌入式系統 主管只問我會不會c 
→ RiverJackson:現在我正在自學c 但是還很弱 還不知道從何下手 
→ RiverJackson:滿好奇linux driver 該怎麼學呢？買書？ ^^ 
推 fish39:linux device driver拿起來看吧@[email protected] ",https://www.ptt.cc/bbs/Soft_Job/index5.html,81
81,[閒聊] 恭喜開版,閒聊,2007-06-15 11:08:48,ottokang,140.128.183.169,0,0,0,https://www.ptt.cc/bbs/Soft_Job/M.1181876929.A.AE2.html,"
恭喜啊～終於出現軟體的版了
一個路過的假軟體人～
--",,https://www.ptt.cc/bbs/Soft_Job/index5.html,82
82,恭喜開板,,2007-06-15 12:07:57,ZayRowz,140.113.56.3,0,0,0,https://www.ptt.cc/bbs/Soft_Job/M.1181880480.A.0D5.html,"
 我也是資工人
 有了這個板後對於資訊相關產業的資訊就更清楚了
 以後會多來此板瀏覽 ^ ^
--
　一沉入海不求解，紅顏幾笑可傾城。
　霧散望廬山，原是它?連綿天。
　三聲笑，持扇輕吐即成雲，再願飛他方。
　吟數詞，帶冠深願冀求緣，轉身尋棲處，同遊蒼穹。
--",,https://www.ptt.cc/bbs/Soft_Job/index5.html,83
83,[討論] 大家什麼時候開始接案/工作？,討論,2007-06-15 12:30:49,drlai,140.138.38.76,5,0,7,https://www.ptt.cc/bbs/Soft_Job/M.1181881850.A.15A.html,"
先說說自己
我今年剛考上研究所，暑假要開始地獄般的生活..
大學期間無聊會接一些小case來做
(大多都是網頁設計)
雖然本科系不教網頁(我是資工系)
不過為了生活費...
原本想說在暑假期間找個暑期工讀
或是接些case來做(住外面都高消費的)
但教授明令：不得兼差、不得找暑期工讀 囧rz....
想問問大家，以往研究所生活大多怎麼過呢？
背著教授接case？乖乖做研究？
另外，如果是接case，大多是哪方面的呢？
(感覺網頁應該比較多吧..)
--
推 leiyan:幫人寫作業 做專題 06/15 12:54
推 mimiosu:系上或校內會有些打工的機會囉~ 跟老闆談談吧~ 06/15 14:03
→ mimiosu:或是利用假日兼家教吧~^^ 06/15 14:04
推 drlai:不太會教書XD 校內打工是有～不過想說有沒有比較高薪的賺法 06/15 14:10
→ drlai:校內時薪固定80..賺得很累(大學都在做這個) 06/15 14:10
→ longman:窮的時候 06/15 17:17
推 ankasc:也不能在學校兼助理嗎？我以前都在學校兼案子跟助理，一個 06/15 21:55
→ ankasc:月也可以賺到15k-20k，生活費足夠很多，而且兼學校工作通常 06/15 21:56
→ ankasc:不會忙到太誇張 06/15 21:57
→ ritchieHsu:我是到外面兼職趴探寫程式 有跟老師溝通過 06/16 13:28
→ ritchieHsu:一個月有25k-40k, depend on work days 06/16 13:29
推 aaronliu0719:大二開始找part time或接case  直到研二口試前... 06/17 01:31","
推 leiyan:幫人寫作業 做專題 
推 mimiosu:系上或校內會有些打工的機會囉~ 跟老闆談談吧~ 
→ mimiosu:或是利用假日兼家教吧~^^ 
推 drlai:不太會教書XD 校內打工是有～不過想說有沒有比較高薪的賺法 
→ drlai:校內時薪固定80..賺得很累(大學都在做這個) 
→ longman:窮的時候 
推 ankasc:也不能在學校兼助理嗎？我以前都在學校兼案子跟助理，一個 
→ ankasc:月也可以賺到15k-20k，生活費足夠很多，而且兼學校工作通常 
→ ankasc:不會忙到太誇張 
→ ritchieHsu:我是到外面兼職趴探寫程式 有跟老師溝通過 
→ ritchieHsu:一個月有25k-40k, depend on work days 
推 aaronliu0719:大二開始找part time或接case  直到研二口試前... ",https://www.ptt.cc/bbs/Soft_Job/index5.html,84
84,[閒聊] 賀,閒聊,2007-06-15 12:32:13,StubbornLin,140.134.241.88,0,0,0,https://www.ptt.cc/bbs/Soft_Job/M.1181881935.A.C84.html,"
開版了 XD
第二行
第三行
--
VICTOR工作室                        | PTT遊戲設計版隆重開幕!
                                    | 不管是新手老手，程式美工音樂企劃....
                                    | 戰略高手>
C/C++                               |    GameTopics>
Visual Basic 6.0                    |        GameDesign
--",,https://www.ptt.cc/bbs/Soft_Job/index5.html,85
85,[閒聊] 恭賀開板~~~,閒聊,2007-06-15 12:47:51,hafor,218.175.120.52,0,0,0,https://www.ptt.cc/bbs/Soft_Job/M.1181882876.A.621.html,"
大賀！！開板
祝本版長長久久~~
恭喜囉~~
--
'We never cease to stand like curious children before the great Mystery into
which we are born.'
“在我們誕生其間的巨大奧秘面前，我們一直都是好奇的孩童。”
─Albert Einstein 愛因斯坦
--",,https://www.ptt.cc/bbs/Soft_Job/index5.html,86
86,Re: [薪福] 大家提供一下資訊業相關薪資吧,薪福,2007-06-15 13:00:45,rpgva,218.32.160.131,1,0,0,https://www.ptt.cc/bbs/Soft_Job/M.1181883646.A.475.html,"
寫／維護投資系統ＩＴ人員，北部
私立資管系年資ㄧ年半
剛加薪月薪３８０００不過都會有加班費和一些獎金
六月份領到５１５００
一天工作８～１０　　ＨＲ
　　　　ＳＡ　　　１ＨＲ　
ＣＯＤＩＮＧ　　　４ＨＲ
ＭＡＩＮＴＡＩＮ　２ＨＲ
ＲＥＬＡＸ　　　　１ＨＲ
--
推 scdog:哪家公司....薪水那麼高??? 06/15 16:55","
推 scdog:哪家公司....薪水那麼高??? ",https://www.ptt.cc/bbs/Soft_Job/index5.html,87
87,Re: [討論] 大家什麼時候開始接案/工作？,討論,2007-06-15 13:48:13,choufeng,125.230.160.223,3,0,0,https://www.ptt.cc/bbs/Soft_Job/M.1181886494.A.4D7.html,"
  教授明令但可以暗著來! 呵～沒有啦。
　其實如果你跟到的教授平常他有很多產學合作或者是國科會計劃等的，
　常常也會找學生來幫助，也常都會有額外的補貼，你可以去和你學長打聽
　看看。
　萬一這方面的機會不多的話如果你要自己接案，通常的話也都是利用自己的人
　脈，幾個朋友或前輩們的介紹接點小case來做做，這我認為倒是無所謂。
　不一定是網頁比較多，只是你之前可能多是接觸這方面的。
　也會有其它類型的，像是AP的開發也很常有。
　　或者你可以到接案版去看看，有沒有可以做的，嚐試打去問問看。
--
推 PRAM:CodeJob板嗎? 那邊的案子數量很少說 06/15 14:17
推 choufeng:嗯，所以人脈很重要。 06/15 14:24
推 exchen:樓上中肯  不過我人名跟相貌都無法配對記憶說...Orz 06/16 00:19","
推 PRAM:CodeJob板嗎? 那邊的案子數量很少說 
推 choufeng:嗯，所以人脈很重要。 
推 exchen:樓上中肯  不過我人名跟相貌都無法配對記憶說...Orz ",https://www.ptt.cc/bbs/Soft_Job/index5.html,88
88,[閒聊] 恭賀開板!!,閒聊,2007-06-15 13:51:03,k1204,140.127.186.3,0,0,0,https://www.ptt.cc/bbs/Soft_Job/M.1181886664.A.1F5.html,"
身為資訊的一份子
一定要來恭喜一下
以後有關資訊的問題不怕沒地方問囉^^
--",,https://www.ptt.cc/bbs/Soft_Job/index5.html,89
89,[閒聊] 恭喜啊^^,閒聊,2007-06-15 14:02:08,mimiosu,140.124.13.2,0,0,0,https://www.ptt.cc/bbs/Soft_Job/M.1181887329.A.8E3.html,"
終於開板了
一起在台灣軟體界加油吧^^
--",,https://www.ptt.cc/bbs/Soft_Job/index5.html,90
90,Re: [討論] 大家什麼時候開始接案/工作？,討論,2007-06-15 14:49:41,blackj0311,218.166.220.164,3,0,0,https://www.ptt.cc/bbs/Soft_Job/M.1181890182.A.33A.html,"
個人是覺得，在外面工作會讓自己接觸到不少業界的人
可以從學生時代開始建立業界的人脈，對以後的發展有很大的幫助
老師明令不能兼差？誰理他啊，不過前提是你有把握可以把工作跟學校的課業弄好
我從大一暑假就開始我的工作了
大一暑假到X-link作Intern，是靠關係進去的，那個時候還不流行暑期實習這種東西
那個時候X-link剛好從舊廠搬到新廠，也就是現在明x那一棟大樓
參與了整個大樓的網路佈線還有總機系統的工作
這是我第一次有機會接觸到大型公司的網路架構設計
後來在X-link混得不錯，也幫高董setup他的電腦，雖然他常常不在辦公室，哈
後來大二的時候，某部門的副總找我參與一個計劃
可是那個計劃我自認不是我一個小大二可以扛下來的
但是跟他們meeting的過程也學習到不少業界人的思考模式，這都是學校學不到的
大二下到一間資訊公司當MIS，這一作就作到我研究所畢業
四年多裡我出差去了不少地方也學到不少工作上應該要有的態度及方法
當然跟老闆已經感情好到跟麻吉一樣
雖然現在我已經離開一年多了，但是有什麼好康的或是好事情他都會報給我知道
他買新車的時候也很康慨的叫我開開看，我現在有到新竹也常常回公司去喝咖啡聊天
在外面工作會認識很多人，可以透過工作慢慢擴大自己的人脈網路
人脈這種東西，你永遠都不知道什麼時候用得上，但是一定得建立自己的人脈網路
舉個例子好了
有一次我去幫我老闆的鄰居設定他們家的網路
那個鄰居是元智大學的教授，因為去他們家幫忙，所以就這樣子認識了
然後在我當兵的某一天，去年七月
突然接到系學會的電話，說有人要找我
打回去結果是一家科技公司，說想找我去上班
我還在想是不是詐騙集團的時候，那個小姐說我們董事長說一定要找到你來上班
於是就約了一個週未到新竹一趟
才發現，原來那個教授跟董事長是死忠兼換帖的好朋友
那位教授跟董事長介紹我這個人，說一定要找我去之類的
因此他們才會找上我
雖然我後來沒有去那間公司，但是至少又多了一些人認識我了
或許以後回到台灣又可以透過這樣子關係多了一些機會 :P
所以我真的深深覺得，人脈真的太重要了，雖然不知道用不用得上
但是好好建立自己的網路很重要
如果我沒有在學生時代就在外面打滾的話，我是完全不會體悟到些東西的
科技業是很小的，能讓自己的名聲散佈出去的話(當然是好名聲啦:P)，未嘗不是件好事
我是很鼓勵學生能在學業以外的事物多加接觸及著墨
不要在學校裡學了東西，但是外面的世界發生了什麼事情卻混然不知啊
不過，最基本的一點，提昇自己的實力，永遠不要滿足自己
不要以為自己會了點東西就好像世界無敵
你會的東西別人也會
以現在的環境，連學生也要有自己的一套藍海策略，去提升自己的價值
不然，畢業生那麼多，寫程式人人都會
要怎麼讓公司選你而不選別人，這就要靠自己的經營及努力了
--
推 ljr:高手 很好的分享:D 06/15 15:00
推 yaerse:強者 很好的分享:D 06/15 21:41
推 et282523:強者 02/03 13:31","
推 ljr:高手 很好的分享:D 
推 yaerse:強者 很好的分享:D 
推 et282523:強者 ",https://www.ptt.cc/bbs/Soft_Job/index5.html,91
91,恭喜開版~,,2007-06-15 15:07:24,aecho,140.112.91.4,0,0,0,https://www.ptt.cc/bbs/Soft_Job/M.1181891246.A.F45.html,"
        賀~~
        先收入我的最愛再說
        呵呵~~
--
--",,https://www.ptt.cc/bbs/Soft_Job/index5.html,92
92,Re: [討論] 促進交流增加人氣的自我介紹 [討論串],討論,2007-06-15 15:23:53,dspswen,61.63.23.185,3,0,3,https://www.ptt.cc/bbs/Soft_Job/M.1181892234.A.55D.html,"
我是大蛋資管出來
不過一心嚮往遊戲業，也應該說是在大學不學好，混吃等死了四年
什麼也沒學到，就只做了個遊戲網站(還都是純html)
就這樣進去了某間遊戲公司做企劃
做了一年多，又轉遊戲雜誌的採訪編輯快一年
薪水始終在 30 左右打賺，而且台灣遊戲界薪水似乎很難突破
也對線上遊戲有點厭倦了 ...
(啊 ? 落汗、按黑、天餓、黑色淫魔、第酒瘋印有什麼不同嗎 ...)
想想也 25 了 (71)，應該要有一些比較專業一點點的技術日後才好騙飯吃
剛開始找工作時實在是處處碰壁
每天只能找「行銷、企劃、編輯」這樣的工作，真的感覺很糟糕
一堆人在搶的樣子
最後碰到現在這間公司的老闆，說不欠企劃，但相信我有寫網頁程式的底子
就讓我進來寫 PHP ... 非常感動 (完全 0 經驗 32K)
我喜歡買很多書看、但看了還是不會做
有補習街補過一小段時間資料庫、但補完還是不會
一進公司才不到一個月實做一個網站 ... 那感覺就好像吃了過期的大還丹一樣
書上不懂在幹嘛的什麼都通了 ... 花那些冤枉補習費真的是想撞牆
現在已經做快滿 3 個月了，也做出一些成品來
希望對寫網站程式的熱情不要減退
畢竟我也是愚公移山用 HTML 笨過來的 ~_~ ... 我相信自己有這樣的毅力 ...
加油吧 !
--
推 choufeng:加油!加油! 好的開始 06/15 15:42
推 nooin:html不笨...先從html開始練習、以後規劃的整體性會比較好.. 06/15 17:28
→ nooin:我認是很多一開始就用Dreamweaver寫的到後來改個圖都找不到 06/15 17:28
→ nooin:到link在哪裡...不然就是調整位置怎麼調就是調不正之類的.. 06/15 17:29
推 Insania:不會耶~有的人反而會利用DREAMWEAVER互相對照~反而對HTML 06/15 20:10
→ Insania:更有了解~看怎麼使用吧XD 06/15 20:11","
推 choufeng:加油!加油! 好的開始 
推 nooin:html不笨...先從html開始練習、以後規劃的整體性會比較好.. 
→ nooin:我認是很多一開始就用Dreamweaver寫的到後來改個圖都找不到 
→ nooin:到link在哪裡...不然就是調整位置怎麼調就是調不正之類的.. 
推 Insania:不會耶~有的人反而會利用DREAMWEAVER互相對照~反而對HTML 
→ Insania:更有了解~看怎麼使用吧XD ",https://www.ptt.cc/bbs/Soft_Job/index5.html,93
93,[閒聊] 賀開版!!,閒聊,2007-06-15 16:04:10,joyfulpizza,125.229.160.185,0,0,0,https://www.ptt.cc/bbs/Soft_Job/M.1181894651.A.388.html,"
開版賀一下
希望有許多資訊軟體業的前輩們分享經驗~~
希望這邊變成一個不錯的的討論區~~
--",,https://www.ptt.cc/bbs/Soft_Job/index5.html,94
94,本 版 宗 旨,,2007-06-15 16:37:01,choufeng,125.230.160.223,0,0,0,https://www.ptt.cc/bbs/Soft_Job/M.1181896622.A.3D3.html,"
★ 本  版  宗  旨 ★
本版成立可謂是資訊人和軟體人的園地，在這裡我們將討論有關
        軟體／資訊／數位相關產業的訊息、資訊工作者的經驗和心得以
        及職場資訊等等，提供更完整的產業資訊，提升每位與論者的競
        爭力，期盼能對台灣相關之產業能有小小貢獻。
        同時，更希望能為在校的學子們，充份提供職場的訊息，幫助
        瞭解產業相關知識和經驗，以順利就業。
              如果你是資訊人！是軟體人！不要懷疑加入我們吧！
                                                          2007.6
--",,https://www.ptt.cc/bbs/Soft_Job/index5.html,95
95,[請益] 請問面試軟體工程師,請益,2007-06-15 18:01:03,exboy11,220.137.85.219,2,0,4,https://www.ptt.cc/bbs/Soft_Job/M.1181901664.A.6D4.html,"
準備要去面試軟體工程師(保險業專案) java 資料庫方面的
因為之前沒有相關工作經驗 而且只會基本程式語言
想問各位大大:
1.衣著可以穿牛仔+polo短袖嗎? 退伍的窮鬼沒錢買'正式服裝'
2.筆試大概會考什麼? 是程式語言的問題嗎? 不過每個人會的似乎不一樣?
3.跟工程人員面談會問些什麼? 感覺很虛 完全沒有經驗之前數值分析寫的project
  不知可否拿來獻醜
4.跟主管面談可能會問些什麼? 最虛的一項
現在毫無頭緒 正在煩惱中@@
--
推 khwu:1.衣服可以簡單，但千萬不要隨便 06/15 18:10
→ khwu:2.測驗的東西天南地北，每個公司通常都大不同 06/15 18:12
→ khwu:3.把作過的東西都拿去，讓他看看你的自信和專業，有何不可？ 06/15 18:12
→ khwu:4.主管會問什麼大概只有他知道，注意應對進退應該都沒問題 06/15 18:13
→ khwu:加油！！ 06/15 18:14
推 exboy11:D常感謝前輩們的指教跟鼓勵 06/18 20:09","
推 khwu:1.衣服可以簡單，但千萬不要隨便 
→ khwu:2.測驗的東西天南地北，每個公司通常都大不同 
→ khwu:3.把作過的東西都拿去，讓他看看你的自信和專業，有何不可？ 
→ khwu:4.主管會問什麼大概只有他知道，注意應對進退應該都沒問題 
→ khwu:加油！！ 
推 exboy11:D常感謝前輩們的指教跟鼓勵 ",https://www.ptt.cc/bbs/Soft_Job/index5.html,96
96,Re: [討論] 促進交流增加人氣的自我介紹 [討論串],討論,2007-06-15 20:09:46,GregHowe,218.175.220.23,1,0,0,https://www.ptt.cc/bbs/Soft_Job/M.1181909389.A.883.html,"
  第一個問題呢....當然不是整合的晶片....而是像主機板一樣
  可以說板子是我們的硬體工程師弄電路圖
  請人家layout的....可以說是跟市面上的主機板沒兩樣
  類比電視的部份目前還ok, 我可以用程式控制
  數位電視是買別人的模組套上去
  直接從AV或S端子進入, 數位電視的部份可能要外部控制, 例如遙控
  當然數位電視也可以用一般的Cable進入, 我只要抓對Frequency就ok
  這些都還好, 我們公司的機台偏偏都是賣國外的, 歐規的就不好處理了
  Bootloader也還好啊, 因為是PC base,我用lilo或Grub都可以
  mp3也不需要晶片, 只要軟體就可以了
  第二個問題問的好
  我之所以選linux的原因, 是因為他穩定
  而且linux一點也不肥, 我可以縮減不必要的功能, 從核心編譯開始著手
  我個人弄出來的一塊512MB的CF card都綽綽有餘 我都還嫌太大
  cost down的問題我想是需要的
  但我們目前還在評估效能修改板子的階段
  不過我們這是屬於高單價的產品就是了....
  第三個問題呢
  其實我大學唸書時大一開始是學C++, 並不是C
  但是由於長期接觸Linux的結果, 看的都是C的code
  所以自然而然C會比較熟練, 大概就這樣
  trace code啊....我常很瘋狂的把code都印出來用肉眼一行一行看
  圖形介面的話GTK+真的很棒, 它只是模擬物件導向的形式而已
  本身還是C語言, 我也搭配DirectFB, 可以不需要 X那樣的client-server的架構
  在terminal下就可執行graphic程式
  第四個問題
  這要問我們的硬體工程師, 好歹他也待過某間有名的專做晶片也生產主機板的公司
  原則上他也只弄電路, layout也是花錢請人做
  LCD面板和觸控面板也是買的, 真正自己弄的恐怕是我軟體這部份而已
  不過好在linux有相當豐富的open source可以參考
  第五個問題
  我們做電視的Team一隻手數的出來, 做AC Servo那ㄧ個Team也是
  目前Pc Base的project只有我和硬體工程師在做
  其他需要輔助的時候, 例如韌體的部份就會找韌體工程師幫忙
  所以並不是我ㄧ個人撐起來啦
  我通常是一面做, 一面看書, 看看核心的書, 看driver的書
  我們主管也給予我很大的空間
  關於linux的書籍我也買了相當多
  不曉得....總覺得比微軟的東西有趣多了
--
推 adm123:推啊，又是一個台軟界的成功例子。可問一下薪水多少嗎？ 06/15 20:42","
推 adm123:推啊，又是一個台軟界的成功例子。可問一下薪水多少嗎？ ",https://www.ptt.cc/bbs/Soft_Job/index6.html,97
97,Re: [請益] 請問面試軟體工程師,請益,2007-06-15 20:11:05,ILuvDumpling,220.135.70.226,0,0,0,https://www.ptt.cc/bbs/Soft_Job/M.1181909466.A.95D.html,"
 最好還是弄個襯衫+西裝褲/休閒褲. 領帶不打..也勉強可以。
 很多種考法 我遇過的有
 a. 基本 if else 邏輯
 b. 寫出至少五個 jdk 的基本package
 c. application server 隨便寫個三個出來
  有些大哉問的問題你要準備一下..
  a. 坐下來 第一個問題就像是：「請你簡介一下自己」 -- 重點是講你的
     做過的東西、你有什麼 skill,不用講你有多少個兄弟姊妹..
  b. 你對這個工作的期許?
  c. 你對敝公司的瞭解是什麼?  -- 該公司官網起碼要看一下
--",,https://www.ptt.cc/bbs/Soft_Job/index6.html,98
98,[請益]軟體測試人員的薪水,請益,2007-06-15 20:41:12,skysoon,61.217.216.37,2,0,1,https://www.ptt.cc/bbs/Soft_Job/M.1181911273.A.51D.html,"
大家好
小弟目前是台北某家科技股份有限公司的軟體測試人員
由於課業的關係
目前只能以時薪來算是150
每天工作8~9小時
週一到週五都要上班
想請問大家一下這個時薪合理嗎?
還是有更高的呢?
--
推 drlai:如果只是實習性質我覺得OK，之前同學去實習連100都沒有= = 06/15 21:11
→ drlai:工作也是類似測試員 06/15 21:11
推 fowei:只是測試. 我覺得在以台灣的環境. 可以給到150. 算高了 XD 06/16 21:59","
推 drlai:如果只是實習性質我覺得OK，之前同學去實習連100都沒有= = 
→ drlai:工作也是類似測試員 
推 fowei:只是測試. 我覺得在以台灣的環境. 可以給到150. 算高了 XD ",https://www.ptt.cc/bbs/Soft_Job/index6.html,99
99,[閒聊] 恭喜開板,閒聊,2007-06-15 21:10:18,kingui,140.118.237.12,0,0,0,https://www.ptt.cc/bbs/Soft_Job/M.1181913023.A.F63.html,"
小妹我目前就讀資工
還是個呆呆的毛頭小妹~(￣▽￣)~
祝soft-job板生意興隆
恭喜開板唷≧▽≦
--
 ◢███◣
█◤◤  █　　　我不笨
 █￣▽￣█ ＊ 　　　只是常常做笨事而已￣▽￣
 ◥∕  ﹨◤╯
    │╰ φkingui                                               
--",,https://www.ptt.cc/bbs/Soft_Job/index6.html,100
